{
  "v0.1.0": {
    "contracts": {
      "depositContract": "0xe0380e89bf3C5AD1ACC833c5d414007416A200B1",
      "swell": "0xc8766F1a36eC1fD76cC5Bb6f61c8ccd322F4E89b",
      "swNFT": "0xDffa9BA65Eb4345BFF28b8e2F50A241024c9A7Ee",
      "swETH": "0x73032fa3A39B3741D662Ed431E723A581624F6b0",
      "strategy": "0x44A25dA663B139Cd026FC9d17f3dBe868d85EAd2"
    },
    "network": {
      "name": "kaleido",
      "chainId": 1191572815
    },
    "date": "Thu 24 Feb 2022 14:56:48 AEDT"
  },
  "v1.2.1": {
    "contracts": {
      "depositContract": "0x58BDc17c7B17A2Fb31dAcD1a1498C2Fb6Fd1efa0",
      "swell": "0x82eCF2415f4C0FA486A787dc1f8410B657EE9823",
      "swNFT": "0xf3544e0E22dD80Ac6300f7E306769553e406d927",
      "swETH": "0x75bB9fC72E893EA3E1975a473Ec4669AE76a36B1",
      "strategy": "0xd471C7B6F7d49b07CBE023Cb3B5A048A7bf3e9A7"
    },
    "network": {
      "chainId": 1191572815,
      "name": "unknown"
    },
    "date": "Thu, 03 Mar 2022 06:50:50 GMT"
  },
  "v1.2.2": {
    "contracts": {
      "depositContractAddress": "0xf9F565A83c3fca289c3A17B9D02162CEB6069D34",
      "swell": "0x5C4557358359f6b36dA13cD44F6775133585FAcf",
      "nftDescriptorLibrary": "0x645ab27F74e242c5c2A909aEbE6C56Af3CC4FAB1",
      "swNFT": "0xF60e61765fA8d038a00f4a647676Cb21E6d3F2b2",
      "swETH": "0xCF3C4A750fe21C30DeE2dB3ABEd3F40d1E6DE02c",
      "strategy": "0x98A68E9925f700a1c466f3C979b939Db2edB55b5"
    },
    "network": {
      "chainId": 1191572815,
      "name": "unknown"
    },
    "date": "Thu, 10 Mar 2022 03:42:10 GMT"
  },
  "v1.3.0": {
    "contracts": {
      "depositContractAddress": "0xf9F565A83c3fca289c3A17B9D02162CEB6069D34",
      "swell": "0x5C4557358359f6b36dA13cD44F6775133585FAcf",
      "nftDescriptorLibrary": "0x645ab27F74e242c5c2A909aEbE6C56Af3CC4FAB1",
      "swNFT": "0xF60e61765fA8d038a00f4a647676Cb21E6d3F2b2",
      "swETH": "0xCF3C4A750fe21C30DeE2dB3ABEd3F40d1E6DE02c",
      "strategy": "0x98D300C039DCB79123bcE6De6318d4CE44C84575"
    },
    "network": {
      "chainId": 1191572815,
      "name": "unknown"
    },
    "date": "Thu, 24 Mar 2022 04:04:44 GMT"
  },
  "v1.4.0": {
    "contracts": {
      "depositContractAddress": "0xf9F565A83c3fca289c3A17B9D02162CEB6069D34",
      "swell": "0x5C4557358359f6b36dA13cD44F6775133585FAcf",
      "nftDescriptorLibrary": "0x645ab27F74e242c5c2A909aEbE6C56Af3CC4FAB1",
      "swNFT": "0xF60e61765fA8d038a00f4a647676Cb21E6d3F2b2",
      "swETH": "0xCF3C4A750fe21C30DeE2dB3ABEd3F40d1E6DE02c",
      "strategy": "0x98D300C039DCB79123bcE6De6318d4CE44C84575"
    },
    "network": {
      "chainId": 1191572815,
      "name": "unknown"
    },
    "date": "Thu, 07 Apr 2022 05:04:14 GMT"
  }
}