{
  "v1.3.0": {
    "contracts": {
      "swell": "0x32cC85B45c9237D38959d3Ff3c470b47EBd25f20",
      "nftDescriptorLibrary": "0x9379572732E9A7756C860B0129bfbC547793107E",
      "swNFT": "0x1465472f57192ae398B4dcFa9946D3B3eBB6e45e",
      "swETH": "0xa8871Ef34853212eAEb94096851677E9722CA9fF",
      "strategy": "0xe0380e89bf3C5AD1ACC833c5d414007416A200B1"
    },
    "network": {
      "chainId": 2077117572,
      "name": "unknown"
    },
    "date": "Tue, 05 Apr 2022 10:47:56 GMT"
  },
  "v1.4.0": {
    "contracts": {
      "depositContractAddress": "0xE1b8a926D450cFFdADb444a9677f1C9e1F42b1cc",
      "swell": "0xDc4C7EcB78D1fc363BA81506e7E125765e8B6cE5",
      "nftDescriptorLibrary": "0xcACCCFcDB5CB79064E296cE9797303c35E8cE245",
      "swNFT": "0xd30998FbF6A969DE84a18392763016be7643A5d2",
      "swETH": "0xfbE1e002BD6E61aB2AF6aeE322216A98AF08be24",
      "strategy": "0xA04b836c4b0BC44Be5d75Dc62321Ac28fe45c19B"
    },
    "network": {
      "chainId": 2077117572,
      "name": "unknown"
    },
    "date": "Tue, 19 Apr 2022 10:34:59 GMT"
  },
  "v1.7.0": {
    "contracts": {
      "depositContractAddress": "0xE1b8a926D450cFFdADb444a9677f1C9e1F42b1cc",
      "swell": "0xDc4C7EcB78D1fc363BA81506e7E125765e8B6cE5",
      "nftDescriptorLibrary": "0xcACCCFcDB5CB79064E296cE9797303c35E8cE245",
      "swNFT": "0xd30998FbF6A969DE84a18392763016be7643A5d2",
      "swETH": "0xfbE1e002BD6E61aB2AF6aeE322216A98AF08be24",
      "strategy": "0xA04b836c4b0BC44Be5d75Dc62321Ac28fe45c19B"
    },
    "network": {
      "chainId": 2077117572,
      "name": "unknown"
    },
    "date": "Thu, 19 May 2022 23:12:10 GMT"
  },
  "v1.8.0": {
    "contracts": {
      "depositContractAddress": "0xE1b8a926D450cFFdADb444a9677f1C9e1F42b1cc",
      "swell": "0xDc4C7EcB78D1fc363BA81506e7E125765e8B6cE5",
      "nftDescriptorLibrary": "0xcACCCFcDB5CB79064E296cE9797303c35E8cE245",
      "swNFT": "0xd30998FbF6A969DE84a18392763016be7643A5d2",
      "swETH": "0xfbE1e002BD6E61aB2AF6aeE322216A98AF08be24",
      "strategy": "0xA04b836c4b0BC44Be5d75Dc62321Ac28fe45c19B"
    },
    "network": {
      "chainId": 2077117572,
      "name": "unknown"
    },
    "date": "Fri, 27 May 2022 12:29:42 GMT"
  }
}
