{
  "manifestVersion": "3.2",
  "proxies": [
    {
      "address": "0x636C2eB4608a79DAAA1E8DF37A83f3a12F136041",
      "txHash": "0x4d03fd7dd257e2fc4f4aea422790ac76073419efec883d432f6c54c903bed495",
      "kind": "uups"
    },
    {
      "address": "0xbe5aCd5F4967A59161dB324e8767b45D116eF867",
      "txHash": "0x99c09b2e7df6e9c4cc31adbd028108ca94bc398a571abc45874fcb6fe251a1c5",
      "kind": "uups"
    },
    {
      "address": "0x23e33FC2704Bb332C0410B006e8016E7B99CF70A",
      "txHash": "0x284792e15b88a6aec2ea827dd2f2c7f9bd5593fe330fc0789fdfffcd309bc0ea",
      "kind": "uups"
    }
  ],
  "impls": {
    "3df14a1e668f1a1a2315cc43093370fbc994d8acdbc822f0f38f74b5527373c4": {
      "address": "0x0F646E419adA65e924fd77c7A5a53cB31579900B",
      "txHash": "0x0c92c4736a2c00f4c0e65260146212c1731ff960f0861d990575fcb02e97b935",
      "layout": {
        "storage": [
          {
            "label": "_initialized",
            "offset": 0,
            "slot": "0",
            "type": "t_bool",
            "contract": "Initializable",
            "src": "@openzeppelin/contracts-upgradeable/proxy/utils/Initializable.sol:39"
          },
          {
            "label": "_initializing",
            "offset": 1,
            "slot": "0",
            "type": "t_bool",
            "contract": "Initializable",
            "src": "@openzeppelin/contracts-upgradeable/proxy/utils/Initializable.sol:44"
          },
          {
            "label": "__gap",
            "offset": 0,
            "slot": "1",
            "type": "t_array(t_uint256)50_storage",
            "contract": "ContextUpgradeable",
            "src": "@openzeppelin/contracts-upgradeable/utils/ContextUpgradeable.sol:36"
          },
          {
            "label": "__gap",
            "offset": 0,
            "slot": "51",
            "type": "t_array(t_uint256)50_storage",
            "contract": "ERC165Upgradeable",
            "src": "@openzeppelin/contracts-upgradeable/utils/introspection/ERC165Upgradeable.sol:41"
          },
          {
            "label": "_name",
            "offset": 0,
            "slot": "101",
            "type": "t_string_storage",
            "contract": "ERC721Upgradeable",
            "src": "@openzeppelin/contracts-upgradeable/token/ERC721/ERC721Upgradeable.sol:25"
          },
          {
            "label": "_symbol",
            "offset": 0,
            "slot": "102",
            "type": "t_string_storage",
            "contract": "ERC721Upgradeable",
            "src": "@openzeppelin/contracts-upgradeable/token/ERC721/ERC721Upgradeable.sol:28"
          },
          {
            "label": "_owners",
            "offset": 0,
            "slot": "103",
            "type": "t_mapping(t_uint256,t_address)",
            "contract": "ERC721Upgradeable",
            "src": "@openzeppelin/contracts-upgradeable/token/ERC721/ERC721Upgradeable.sol:31"
          },
          {
            "label": "_balances",
            "offset": 0,
            "slot": "104",
            "type": "t_mapping(t_address,t_uint256)",
            "contract": "ERC721Upgradeable",
            "src": "@openzeppelin/contracts-upgradeable/token/ERC721/ERC721Upgradeable.sol:34"
          },
          {
            "label": "_tokenApprovals",
            "offset": 0,
            "slot": "105",
            "type": "t_mapping(t_uint256,t_address)",
            "contract": "ERC721Upgradeable",
            "src": "@openzeppelin/contracts-upgradeable/token/ERC721/ERC721Upgradeable.sol:37"
          },
          {
            "label": "_operatorApprovals",
            "offset": 0,
            "slot": "106",
            "type": "t_mapping(t_address,t_mapping(t_address,t_bool))",
            "contract": "ERC721Upgradeable",
            "src": "@openzeppelin/contracts-upgradeable/token/ERC721/ERC721Upgradeable.sol:40"
          },
          {
            "label": "__gap",
            "offset": 0,
            "slot": "107",
            "type": "t_array(t_uint256)44_storage",
            "contract": "ERC721Upgradeable",
            "src": "@openzeppelin/contracts-upgradeable/token/ERC721/ERC721Upgradeable.sol:458"
          },
          {
            "label": "_ownedTokens",
            "offset": 0,
            "slot": "151",
            "type": "t_mapping(t_address,t_mapping(t_uint256,t_uint256))",
            "contract": "ERC721EnumerableUpgradeable",
            "src": "@openzeppelin/contracts-upgradeable/token/ERC721/extensions/ERC721EnumerableUpgradeable.sol:22"
          },
          {
            "label": "_ownedTokensIndex",
            "offset": 0,
            "slot": "152",
            "type": "t_mapping(t_uint256,t_uint256)",
            "contract": "ERC721EnumerableUpgradeable",
            "src": "@openzeppelin/contracts-upgradeable/token/ERC721/extensions/ERC721EnumerableUpgradeable.sol:25"
          },
          {
            "label": "_allTokens",
            "offset": 0,
            "slot": "153",
            "type": "t_array(t_uint256)dyn_storage",
            "contract": "ERC721EnumerableUpgradeable",
            "src": "@openzeppelin/contracts-upgradeable/token/ERC721/extensions/ERC721EnumerableUpgradeable.sol:28"
          },
          {
            "label": "_allTokensIndex",
            "offset": 0,
            "slot": "154",
            "type": "t_mapping(t_uint256,t_uint256)",
            "contract": "ERC721EnumerableUpgradeable",
            "src": "@openzeppelin/contracts-upgradeable/token/ERC721/extensions/ERC721EnumerableUpgradeable.sol:31"
          },
          {
            "label": "__gap",
            "offset": 0,
            "slot": "155",
            "type": "t_array(t_uint256)46_storage",
            "contract": "ERC721EnumerableUpgradeable",
            "src": "@openzeppelin/contracts-upgradeable/token/ERC721/extensions/ERC721EnumerableUpgradeable.sol:175"
          },
          {
            "label": "__gap",
            "offset": 0,
            "slot": "201",
            "type": "t_array(t_uint256)50_storage",
            "contract": "ERC1967UpgradeUpgradeable",
            "src": "@openzeppelin/contracts-upgradeable/proxy/ERC1967/ERC1967UpgradeUpgradeable.sol:211"
          },
          {
            "label": "__gap",
            "offset": 0,
            "slot": "251",
            "type": "t_array(t_uint256)50_storage",
            "contract": "UUPSUpgradeable",
            "src": "@openzeppelin/contracts-upgradeable/proxy/utils/UUPSUpgradeable.sol:107"
          },
          {
            "label": "_owner",
            "offset": 0,
            "slot": "301",
            "type": "t_address",
            "contract": "OwnableUpgradeable",
            "src": "@openzeppelin/contracts-upgradeable/access/OwnableUpgradeable.sol:22"
          },
          {
            "label": "__gap",
            "offset": 0,
            "slot": "302",
            "type": "t_array(t_uint256)49_storage",
            "contract": "OwnableUpgradeable",
            "src": "@openzeppelin/contracts-upgradeable/access/OwnableUpgradeable.sol:87"
          },
          {
            "label": "GWEI",
            "offset": 0,
            "slot": "351",
            "type": "t_uint256",
            "contract": "SWNFTUpgrade",
            "src": "contracts/swNFTUpgrade.sol:45"
          },
          {
            "label": "tokenIds",
            "offset": 0,
            "slot": "352",
            "type": "t_struct(Counter)2454_storage",
            "contract": "SWNFTUpgrade",
            "src": "contracts/swNFTUpgrade.sol:51"
          },
          {
            "label": "swETHAddress",
            "offset": 0,
            "slot": "353",
            "type": "t_address",
            "contract": "SWNFTUpgrade",
            "src": "contracts/swNFTUpgrade.sol:53"
          },
          {
            "label": "swETHSymbolOld",
            "offset": 0,
            "slot": "354",
            "type": "t_string_storage",
            "contract": "SWNFTUpgrade",
            "src": "contracts/swNFTUpgrade.sol:57"
          },
          {
            "label": "swellAddress",
            "offset": 0,
            "slot": "355",
            "type": "t_address",
            "contract": "SWNFTUpgrade",
            "src": "contracts/swNFTUpgrade.sol:58"
          },
          {
            "label": "ETHER",
            "offset": 0,
            "slot": "356",
            "type": "t_uint256",
            "contract": "SWNFTUpgrade",
            "src": "contracts/swNFTUpgrade.sol:59"
          },
          {
            "label": "feePool",
            "offset": 0,
            "slot": "357",
            "type": "t_address",
            "contract": "SWNFTUpgrade",
            "src": "contracts/swNFTUpgrade.sol:60"
          },
          {
            "label": "fee",
            "offset": 0,
            "slot": "358",
            "type": "t_uint256",
            "contract": "SWNFTUpgrade",
            "src": "contracts/swNFTUpgrade.sol:61"
          },
          {
            "label": "depositContract",
            "offset": 0,
            "slot": "359",
            "type": "t_contract(IDepositContract)11909",
            "contract": "SWNFTUpgrade",
            "src": "contracts/swNFTUpgrade.sol:63"
          },
          {
            "label": "validators",
            "offset": 0,
            "slot": "360",
            "type": "t_array(t_bytes_storage)dyn_storage",
            "contract": "SWNFTUpgrade",
            "src": "contracts/swNFTUpgrade.sol:65"
          },
          {
            "label": "validatorDeposits",
            "offset": 0,
            "slot": "361",
            "type": "t_mapping(t_bytes_memory_ptr,t_uint256)",
            "contract": "SWNFTUpgrade",
            "src": "contracts/swNFTUpgrade.sol:66"
          },
          {
            "label": "whiteList",
            "offset": 0,
            "slot": "362",
            "type": "t_mapping(t_bytes_memory_ptr,t_bool)",
            "contract": "SWNFTUpgrade",
            "src": "contracts/swNFTUpgrade.sol:67"
          },
          {
            "label": "positions",
            "offset": 0,
            "slot": "363",
            "type": "t_mapping(t_uint256,t_struct(Position)6473_storage)",
            "contract": "SWNFTUpgrade",
            "src": "contracts/swNFTUpgrade.sol:70"
          },
          {
            "label": "deprecatedStrategies",
            "offset": 0,
            "slot": "364",
            "type": "t_array(t_address)dyn_storage",
            "contract": "SWNFTUpgrade",
            "src": "contracts/swNFTUpgrade.sol:72"
          },
          {
            "label": "opRate",
            "offset": 0,
            "slot": "365",
            "type": "t_mapping(t_address,t_uint256)",
            "contract": "SWNFTUpgrade",
            "src": "contracts/swNFTUpgrade.sol:428"
          },
          {
            "label": "botAddress",
            "offset": 0,
            "slot": "366",
            "type": "t_address",
            "contract": "SWNFTUpgrade",
            "src": "contracts/swNFTUpgrade.sol:429"
          },
          {
            "label": "isValidatorActive",
            "offset": 0,
            "slot": "367",
            "type": "t_mapping(t_bytes_memory_ptr,t_bool)",
            "contract": "SWNFTUpgrade",
            "src": "contracts/swNFTUpgrade.sol:430"
          },
          {
            "label": "strategiesSet",
            "offset": 0,
            "slot": "368",
            "type": "t_struct(AddressSet)3153_storage",
            "contract": "SWNFTUpgrade",
            "src": "contracts/swNFTUpgrade.sol:431"
          }
        ],
        "types": {
          "t_address": {
            "label": "address",
            "numberOfBytes": "20"
          },
          "t_array(t_address)dyn_storage": {
            "label": "address[]",
            "numberOfBytes": "32"
          },
          "t_array(t_bytes32)dyn_storage": {
            "label": "bytes32[]",
            "numberOfBytes": "32"
          },
          "t_array(t_bytes_storage)dyn_storage": {
            "label": "bytes[]",
            "numberOfBytes": "32"
          },
          "t_array(t_uint256)44_storage": {
            "label": "uint256[44]",
            "numberOfBytes": "1408"
          },
          "t_array(t_uint256)46_storage": {
            "label": "uint256[46]",
            "numberOfBytes": "1472"
          },
          "t_array(t_uint256)49_storage": {
            "label": "uint256[49]",
            "numberOfBytes": "1568"
          },
          "t_array(t_uint256)50_storage": {
            "label": "uint256[50]",
            "numberOfBytes": "1600"
          },
          "t_array(t_uint256)dyn_storage": {
            "label": "uint256[]",
            "numberOfBytes": "32"
          },
          "t_bool": {
            "label": "bool",
            "numberOfBytes": "1"
          },
          "t_bytes32": {
            "label": "bytes32",
            "numberOfBytes": "32"
          },
          "t_bytes_memory_ptr": {
            "label": "bytes",
            "numberOfBytes": "32"
          },
          "t_bytes_storage": {
            "label": "bytes",
            "numberOfBytes": "32"
          },
          "t_contract(IDepositContract)11909": {
            "label": "contract IDepositContract",
            "numberOfBytes": "20"
          },
          "t_mapping(t_address,t_bool)": {
            "label": "mapping(address => bool)",
            "numberOfBytes": "32"
          },
          "t_mapping(t_address,t_mapping(t_address,t_bool))": {
            "label": "mapping(address => mapping(address => bool))",
            "numberOfBytes": "32"
          },
          "t_mapping(t_address,t_mapping(t_uint256,t_uint256))": {
            "label": "mapping(address => mapping(uint256 => uint256))",
            "numberOfBytes": "32"
          },
          "t_mapping(t_address,t_uint256)": {
            "label": "mapping(address => uint256)",
            "numberOfBytes": "32"
          },
          "t_mapping(t_bytes32,t_uint256)": {
            "label": "mapping(bytes32 => uint256)",
            "numberOfBytes": "32"
          },
          "t_mapping(t_bytes_memory_ptr,t_bool)": {
            "label": "mapping(bytes => bool)",
            "numberOfBytes": "32"
          },
          "t_mapping(t_bytes_memory_ptr,t_uint256)": {
            "label": "mapping(bytes => uint256)",
            "numberOfBytes": "32"
          },
          "t_mapping(t_uint256,t_address)": {
            "label": "mapping(uint256 => address)",
            "numberOfBytes": "32"
          },
          "t_mapping(t_uint256,t_struct(Position)6473_storage)": {
            "label": "mapping(uint256 => struct ISWNFT.Position)",
            "numberOfBytes": "32"
          },
          "t_mapping(t_uint256,t_uint256)": {
            "label": "mapping(uint256 => uint256)",
            "numberOfBytes": "32"
          },
          "t_string_storage": {
            "label": "string",
            "numberOfBytes": "32"
          },
          "t_struct(AddressSet)3153_storage": {
            "label": "struct EnumerableSetUpgradeable.AddressSet",
            "members": [
              {
                "label": "_inner",
                "type": "t_struct(Set)2852_storage",
                "offset": 0,
                "slot": "0"
              }
            ],
            "numberOfBytes": "64"
          },
          "t_struct(Counter)2454_storage": {
            "label": "struct CountersUpgradeable.Counter",
            "members": [
              {
                "label": "_value",
                "type": "t_uint256",
                "offset": 0,
                "slot": "0"
              }
            ],
            "numberOfBytes": "32"
          },
          "t_struct(Position)6473_storage": {
            "label": "struct ISWNFT.Position",
            "members": [
              {
                "label": "pubKey",
                "type": "t_bytes_storage",
                "offset": 0,
                "slot": "0"
              },
              {
                "label": "value",
                "type": "t_uint256",
                "offset": 0,
                "slot": "1"
              },
              {
                "label": "baseTokenBalance",
                "type": "t_uint256",
                "offset": 0,
                "slot": "2"
              },
              {
                "label": "timeStamp",
                "type": "t_uint256",
                "offset": 0,
                "slot": "3"
              },
              {
                "label": "operator",
                "type": "t_bool",
                "offset": 0,
                "slot": "4"
              }
            ],
            "numberOfBytes": "160"
          },
          "t_struct(Set)2852_storage": {
            "label": "struct EnumerableSetUpgradeable.Set",
            "members": [
              {
                "label": "_values",
                "type": "t_array(t_bytes32)dyn_storage",
                "offset": 0,
                "slot": "0"
              },
              {
                "label": "_indexes",
                "type": "t_mapping(t_bytes32,t_uint256)",
                "offset": 0,
                "slot": "1"
              }
            ],
            "numberOfBytes": "64"
          },
          "t_uint256": {
            "label": "uint256",
            "numberOfBytes": "32"
          }
        }
      }
    },
    "78458b39a2b99ef4f470168f4a56131b37229b2b30f6fd312fd2913696e036c0": {
      "address": "0x09930dEb4019b3F3de0f66704d6639BDd1ed7B75",
      "txHash": "0x4bc11b86e02504538bb78767f2207f5abcc7b06bc76fc6c7f1d8280f4b8e5016",
      "layout": {
        "storage": [
          {
            "label": "_initialized",
            "offset": 0,
            "slot": "0",
            "type": "t_bool",
            "contract": "Initializable",
            "src": "@openzeppelin/contracts-upgradeable/proxy/utils/Initializable.sol:39"
          },
          {
            "label": "_initializing",
            "offset": 1,
            "slot": "0",
            "type": "t_bool",
            "contract": "Initializable",
            "src": "@openzeppelin/contracts-upgradeable/proxy/utils/Initializable.sol:44"
          },
          {
            "label": "__gap",
            "offset": 0,
            "slot": "1",
            "type": "t_array(t_uint256)50_storage",
            "contract": "ContextUpgradeable",
            "src": "@openzeppelin/contracts-upgradeable/utils/ContextUpgradeable.sol:36"
          },
          {
            "label": "__gap",
            "offset": 0,
            "slot": "51",
            "type": "t_array(t_uint256)50_storage",
            "contract": "ERC165Upgradeable",
            "src": "@openzeppelin/contracts-upgradeable/utils/introspection/ERC165Upgradeable.sol:41"
          },
          {
            "label": "_name",
            "offset": 0,
            "slot": "101",
            "type": "t_string_storage",
            "contract": "ERC721Upgradeable",
            "src": "@openzeppelin/contracts-upgradeable/token/ERC721/ERC721Upgradeable.sol:25"
          },
          {
            "label": "_symbol",
            "offset": 0,
            "slot": "102",
            "type": "t_string_storage",
            "contract": "ERC721Upgradeable",
            "src": "@openzeppelin/contracts-upgradeable/token/ERC721/ERC721Upgradeable.sol:28"
          },
          {
            "label": "_owners",
            "offset": 0,
            "slot": "103",
            "type": "t_mapping(t_uint256,t_address)",
            "contract": "ERC721Upgradeable",
            "src": "@openzeppelin/contracts-upgradeable/token/ERC721/ERC721Upgradeable.sol:31"
          },
          {
            "label": "_balances",
            "offset": 0,
            "slot": "104",
            "type": "t_mapping(t_address,t_uint256)",
            "contract": "ERC721Upgradeable",
            "src": "@openzeppelin/contracts-upgradeable/token/ERC721/ERC721Upgradeable.sol:34"
          },
          {
            "label": "_tokenApprovals",
            "offset": 0,
            "slot": "105",
            "type": "t_mapping(t_uint256,t_address)",
            "contract": "ERC721Upgradeable",
            "src": "@openzeppelin/contracts-upgradeable/token/ERC721/ERC721Upgradeable.sol:37"
          },
          {
            "label": "_operatorApprovals",
            "offset": 0,
            "slot": "106",
            "type": "t_mapping(t_address,t_mapping(t_address,t_bool))",
            "contract": "ERC721Upgradeable",
            "src": "@openzeppelin/contracts-upgradeable/token/ERC721/ERC721Upgradeable.sol:40"
          },
          {
            "label": "__gap",
            "offset": 0,
            "slot": "107",
            "type": "t_array(t_uint256)44_storage",
            "contract": "ERC721Upgradeable",
            "src": "@openzeppelin/contracts-upgradeable/token/ERC721/ERC721Upgradeable.sol:458"
          },
          {
            "label": "_ownedTokens",
            "offset": 0,
            "slot": "151",
            "type": "t_mapping(t_address,t_mapping(t_uint256,t_uint256))",
            "contract": "ERC721EnumerableUpgradeable",
            "src": "@openzeppelin/contracts-upgradeable/token/ERC721/extensions/ERC721EnumerableUpgradeable.sol:22"
          },
          {
            "label": "_ownedTokensIndex",
            "offset": 0,
            "slot": "152",
            "type": "t_mapping(t_uint256,t_uint256)",
            "contract": "ERC721EnumerableUpgradeable",
            "src": "@openzeppelin/contracts-upgradeable/token/ERC721/extensions/ERC721EnumerableUpgradeable.sol:25"
          },
          {
            "label": "_allTokens",
            "offset": 0,
            "slot": "153",
            "type": "t_array(t_uint256)dyn_storage",
            "contract": "ERC721EnumerableUpgradeable",
            "src": "@openzeppelin/contracts-upgradeable/token/ERC721/extensions/ERC721EnumerableUpgradeable.sol:28"
          },
          {
            "label": "_allTokensIndex",
            "offset": 0,
            "slot": "154",
            "type": "t_mapping(t_uint256,t_uint256)",
            "contract": "ERC721EnumerableUpgradeable",
            "src": "@openzeppelin/contracts-upgradeable/token/ERC721/extensions/ERC721EnumerableUpgradeable.sol:31"
          },
          {
            "label": "__gap",
            "offset": 0,
            "slot": "155",
            "type": "t_array(t_uint256)46_storage",
            "contract": "ERC721EnumerableUpgradeable",
            "src": "@openzeppelin/contracts-upgradeable/token/ERC721/extensions/ERC721EnumerableUpgradeable.sol:175"
          },
          {
            "label": "__gap",
            "offset": 0,
            "slot": "201",
            "type": "t_array(t_uint256)50_storage",
            "contract": "ERC1967UpgradeUpgradeable",
            "src": "@openzeppelin/contracts-upgradeable/proxy/ERC1967/ERC1967UpgradeUpgradeable.sol:211"
          },
          {
            "label": "__gap",
            "offset": 0,
            "slot": "251",
            "type": "t_array(t_uint256)50_storage",
            "contract": "UUPSUpgradeable",
            "src": "@openzeppelin/contracts-upgradeable/proxy/utils/UUPSUpgradeable.sol:107"
          },
          {
            "label": "_owner",
            "offset": 0,
            "slot": "301",
            "type": "t_address",
            "contract": "OwnableUpgradeable",
            "src": "@openzeppelin/contracts-upgradeable/access/OwnableUpgradeable.sol:22"
          },
          {
            "label": "__gap",
            "offset": 0,
            "slot": "302",
            "type": "t_array(t_uint256)49_storage",
            "contract": "OwnableUpgradeable",
            "src": "@openzeppelin/contracts-upgradeable/access/OwnableUpgradeable.sol:87"
          },
          {
            "label": "GWEI",
            "offset": 0,
            "slot": "351",
            "type": "t_uint256",
            "contract": "SWNFTUpgrade",
            "src": "contracts/swNFTUpgrade.sol:45"
          },
          {
            "label": "tokenIds",
            "offset": 0,
            "slot": "352",
            "type": "t_struct(Counter)2454_storage",
            "contract": "SWNFTUpgrade",
            "src": "contracts/swNFTUpgrade.sol:51"
          },
          {
            "label": "swETHAddress",
            "offset": 0,
            "slot": "353",
            "type": "t_address",
            "contract": "SWNFTUpgrade",
            "src": "contracts/swNFTUpgrade.sol:53"
          },
          {
            "label": "swETHSymbolOld",
            "offset": 0,
            "slot": "354",
            "type": "t_string_storage",
            "contract": "SWNFTUpgrade",
            "src": "contracts/swNFTUpgrade.sol:57"
          },
          {
            "label": "swellAddress",
            "offset": 0,
            "slot": "355",
            "type": "t_address",
            "contract": "SWNFTUpgrade",
            "src": "contracts/swNFTUpgrade.sol:58"
          },
          {
            "label": "ETHER",
            "offset": 0,
            "slot": "356",
            "type": "t_uint256",
            "contract": "SWNFTUpgrade",
            "src": "contracts/swNFTUpgrade.sol:59"
          },
          {
            "label": "feePool",
            "offset": 0,
            "slot": "357",
            "type": "t_address",
            "contract": "SWNFTUpgrade",
            "src": "contracts/swNFTUpgrade.sol:60"
          },
          {
            "label": "fee",
            "offset": 0,
            "slot": "358",
            "type": "t_uint256",
            "contract": "SWNFTUpgrade",
            "src": "contracts/swNFTUpgrade.sol:61"
          },
          {
            "label": "depositContract",
            "offset": 0,
            "slot": "359",
            "type": "t_contract(IDepositContract)11909",
            "contract": "SWNFTUpgrade",
            "src": "contracts/swNFTUpgrade.sol:63"
          },
          {
            "label": "validators",
            "offset": 0,
            "slot": "360",
            "type": "t_array(t_bytes_storage)dyn_storage",
            "contract": "SWNFTUpgrade",
            "src": "contracts/swNFTUpgrade.sol:65"
          },
          {
            "label": "validatorDeposits",
            "offset": 0,
            "slot": "361",
            "type": "t_mapping(t_bytes_memory_ptr,t_uint256)",
            "contract": "SWNFTUpgrade",
            "src": "contracts/swNFTUpgrade.sol:66"
          },
          {
            "label": "whiteList",
            "offset": 0,
            "slot": "362",
            "type": "t_mapping(t_bytes_memory_ptr,t_bool)",
            "contract": "SWNFTUpgrade",
            "src": "contracts/swNFTUpgrade.sol:67"
          },
          {
            "label": "positions",
            "offset": 0,
            "slot": "363",
            "type": "t_mapping(t_uint256,t_struct(Position)6473_storage)",
            "contract": "SWNFTUpgrade",
            "src": "contracts/swNFTUpgrade.sol:70"
          },
          {
            "label": "deprecatedStrategies",
            "offset": 0,
            "slot": "364",
            "type": "t_array(t_address)dyn_storage",
            "contract": "SWNFTUpgrade",
            "src": "contracts/swNFTUpgrade.sol:72"
          },
          {
            "label": "opRate",
            "offset": 0,
            "slot": "365",
            "type": "t_mapping(t_bytes_memory_ptr,t_uint256)",
            "contract": "SWNFTUpgrade",
            "src": "contracts/swNFTUpgrade.sol:428"
          },
          {
            "label": "botAddress",
            "offset": 0,
            "slot": "366",
            "type": "t_address",
            "contract": "SWNFTUpgrade",
            "src": "contracts/swNFTUpgrade.sol:429"
          },
          {
            "label": "isValidatorActive",
            "offset": 0,
            "slot": "367",
            "type": "t_mapping(t_bytes_memory_ptr,t_bool)",
            "contract": "SWNFTUpgrade",
            "src": "contracts/swNFTUpgrade.sol:430"
          },
          {
            "label": "strategiesSet",
            "offset": 0,
            "slot": "368",
            "type": "t_struct(AddressSet)3153_storage",
            "contract": "SWNFTUpgrade",
            "src": "contracts/swNFTUpgrade.sol:431"
          }
        ],
        "types": {
          "t_address": {
            "label": "address",
            "numberOfBytes": "20"
          },
          "t_array(t_address)dyn_storage": {
            "label": "address[]",
            "numberOfBytes": "32"
          },
          "t_array(t_bytes32)dyn_storage": {
            "label": "bytes32[]",
            "numberOfBytes": "32"
          },
          "t_array(t_bytes_storage)dyn_storage": {
            "label": "bytes[]",
            "numberOfBytes": "32"
          },
          "t_array(t_uint256)44_storage": {
            "label": "uint256[44]",
            "numberOfBytes": "1408"
          },
          "t_array(t_uint256)46_storage": {
            "label": "uint256[46]",
            "numberOfBytes": "1472"
          },
          "t_array(t_uint256)49_storage": {
            "label": "uint256[49]",
            "numberOfBytes": "1568"
          },
          "t_array(t_uint256)50_storage": {
            "label": "uint256[50]",
            "numberOfBytes": "1600"
          },
          "t_array(t_uint256)dyn_storage": {
            "label": "uint256[]",
            "numberOfBytes": "32"
          },
          "t_bool": {
            "label": "bool",
            "numberOfBytes": "1"
          },
          "t_bytes32": {
            "label": "bytes32",
            "numberOfBytes": "32"
          },
          "t_bytes_memory_ptr": {
            "label": "bytes",
            "numberOfBytes": "32"
          },
          "t_bytes_storage": {
            "label": "bytes",
            "numberOfBytes": "32"
          },
          "t_contract(IDepositContract)11909": {
            "label": "contract IDepositContract",
            "numberOfBytes": "20"
          },
          "t_mapping(t_address,t_bool)": {
            "label": "mapping(address => bool)",
            "numberOfBytes": "32"
          },
          "t_mapping(t_address,t_mapping(t_address,t_bool))": {
            "label": "mapping(address => mapping(address => bool))",
            "numberOfBytes": "32"
          },
          "t_mapping(t_address,t_mapping(t_uint256,t_uint256))": {
            "label": "mapping(address => mapping(uint256 => uint256))",
            "numberOfBytes": "32"
          },
          "t_mapping(t_address,t_uint256)": {
            "label": "mapping(address => uint256)",
            "numberOfBytes": "32"
          },
          "t_mapping(t_bytes32,t_uint256)": {
            "label": "mapping(bytes32 => uint256)",
            "numberOfBytes": "32"
          },
          "t_mapping(t_bytes_memory_ptr,t_bool)": {
            "label": "mapping(bytes => bool)",
            "numberOfBytes": "32"
          },
          "t_mapping(t_bytes_memory_ptr,t_uint256)": {
            "label": "mapping(bytes => uint256)",
            "numberOfBytes": "32"
          },
          "t_mapping(t_uint256,t_address)": {
            "label": "mapping(uint256 => address)",
            "numberOfBytes": "32"
          },
          "t_mapping(t_uint256,t_struct(Position)6473_storage)": {
            "label": "mapping(uint256 => struct ISWNFT.Position)",
            "numberOfBytes": "32"
          },
          "t_mapping(t_uint256,t_uint256)": {
            "label": "mapping(uint256 => uint256)",
            "numberOfBytes": "32"
          },
          "t_string_storage": {
            "label": "string",
            "numberOfBytes": "32"
          },
          "t_struct(AddressSet)3153_storage": {
            "label": "struct EnumerableSetUpgradeable.AddressSet",
            "members": [
              {
                "label": "_inner",
                "type": "t_struct(Set)2852_storage",
                "offset": 0,
                "slot": "0"
              }
            ],
            "numberOfBytes": "64"
          },
          "t_struct(Counter)2454_storage": {
            "label": "struct CountersUpgradeable.Counter",
            "members": [
              {
                "label": "_value",
                "type": "t_uint256",
                "offset": 0,
                "slot": "0"
              }
            ],
            "numberOfBytes": "32"
          },
          "t_struct(Position)6473_storage": {
            "label": "struct ISWNFT.Position",
            "members": [
              {
                "label": "pubKey",
                "type": "t_bytes_storage",
                "offset": 0,
                "slot": "0"
              },
              {
                "label": "value",
                "type": "t_uint256",
                "offset": 0,
                "slot": "1"
              },
              {
                "label": "baseTokenBalance",
                "type": "t_uint256",
                "offset": 0,
                "slot": "2"
              },
              {
                "label": "timeStamp",
                "type": "t_uint256",
                "offset": 0,
                "slot": "3"
              },
              {
                "label": "operator",
                "type": "t_bool",
                "offset": 0,
                "slot": "4"
              }
            ],
            "numberOfBytes": "160"
          },
          "t_struct(Set)2852_storage": {
            "label": "struct EnumerableSetUpgradeable.Set",
            "members": [
              {
                "label": "_values",
                "type": "t_array(t_bytes32)dyn_storage",
                "offset": 0,
                "slot": "0"
              },
              {
                "label": "_indexes",
                "type": "t_mapping(t_bytes32,t_uint256)",
                "offset": 0,
                "slot": "1"
              }
            ],
            "numberOfBytes": "64"
          },
          "t_uint256": {
            "label": "uint256",
            "numberOfBytes": "32"
          }
        }
      }
    },
    "8bb800bca6988b97cbf93ef3cd95600cb43fde366298b9a5cf4379d3bf4243ce": {
      "address": "0xEfb5a9FB885049a8E373C0b934707dba82cC601e",
      "txHash": "0xa430c69d8ad9fa1ddec48197b06020eb29f7e107bfbe466542b3bc512286d72e",
      "layout": {
        "storage": [
          {
            "label": "_initialized",
            "offset": 0,
            "slot": "0",
            "type": "t_bool",
            "contract": "Initializable",
            "src": "@openzeppelin/contracts-upgradeable/proxy/utils/Initializable.sol:39"
          },
          {
            "label": "_initializing",
            "offset": 1,
            "slot": "0",
            "type": "t_bool",
            "contract": "Initializable",
            "src": "@openzeppelin/contracts-upgradeable/proxy/utils/Initializable.sol:44"
          },
          {
            "label": "__gap",
            "offset": 0,
            "slot": "1",
            "type": "t_array(t_uint256)50_storage",
            "contract": "ContextUpgradeable",
            "src": "@openzeppelin/contracts-upgradeable/utils/ContextUpgradeable.sol:36"
          },
          {
            "label": "__gap",
            "offset": 0,
            "slot": "51",
            "type": "t_array(t_uint256)50_storage",
            "contract": "ERC165Upgradeable",
            "src": "@openzeppelin/contracts-upgradeable/utils/introspection/ERC165Upgradeable.sol:41"
          },
          {
            "label": "_name",
            "offset": 0,
            "slot": "101",
            "type": "t_string_storage",
            "contract": "ERC721Upgradeable",
            "src": "@openzeppelin/contracts-upgradeable/token/ERC721/ERC721Upgradeable.sol:25"
          },
          {
            "label": "_symbol",
            "offset": 0,
            "slot": "102",
            "type": "t_string_storage",
            "contract": "ERC721Upgradeable",
            "src": "@openzeppelin/contracts-upgradeable/token/ERC721/ERC721Upgradeable.sol:28"
          },
          {
            "label": "_owners",
            "offset": 0,
            "slot": "103",
            "type": "t_mapping(t_uint256,t_address)",
            "contract": "ERC721Upgradeable",
            "src": "@openzeppelin/contracts-upgradeable/token/ERC721/ERC721Upgradeable.sol:31"
          },
          {
            "label": "_balances",
            "offset": 0,
            "slot": "104",
            "type": "t_mapping(t_address,t_uint256)",
            "contract": "ERC721Upgradeable",
            "src": "@openzeppelin/contracts-upgradeable/token/ERC721/ERC721Upgradeable.sol:34"
          },
          {
            "label": "_tokenApprovals",
            "offset": 0,
            "slot": "105",
            "type": "t_mapping(t_uint256,t_address)",
            "contract": "ERC721Upgradeable",
            "src": "@openzeppelin/contracts-upgradeable/token/ERC721/ERC721Upgradeable.sol:37"
          },
          {
            "label": "_operatorApprovals",
            "offset": 0,
            "slot": "106",
            "type": "t_mapping(t_address,t_mapping(t_address,t_bool))",
            "contract": "ERC721Upgradeable",
            "src": "@openzeppelin/contracts-upgradeable/token/ERC721/ERC721Upgradeable.sol:40"
          },
          {
            "label": "__gap",
            "offset": 0,
            "slot": "107",
            "type": "t_array(t_uint256)44_storage",
            "contract": "ERC721Upgradeable",
            "src": "@openzeppelin/contracts-upgradeable/token/ERC721/ERC721Upgradeable.sol:458"
          },
          {
            "label": "_ownedTokens",
            "offset": 0,
            "slot": "151",
            "type": "t_mapping(t_address,t_mapping(t_uint256,t_uint256))",
            "contract": "ERC721EnumerableUpgradeable",
            "src": "@openzeppelin/contracts-upgradeable/token/ERC721/extensions/ERC721EnumerableUpgradeable.sol:22"
          },
          {
            "label": "_ownedTokensIndex",
            "offset": 0,
            "slot": "152",
            "type": "t_mapping(t_uint256,t_uint256)",
            "contract": "ERC721EnumerableUpgradeable",
            "src": "@openzeppelin/contracts-upgradeable/token/ERC721/extensions/ERC721EnumerableUpgradeable.sol:25"
          },
          {
            "label": "_allTokens",
            "offset": 0,
            "slot": "153",
            "type": "t_array(t_uint256)dyn_storage",
            "contract": "ERC721EnumerableUpgradeable",
            "src": "@openzeppelin/contracts-upgradeable/token/ERC721/extensions/ERC721EnumerableUpgradeable.sol:28"
          },
          {
            "label": "_allTokensIndex",
            "offset": 0,
            "slot": "154",
            "type": "t_mapping(t_uint256,t_uint256)",
            "contract": "ERC721EnumerableUpgradeable",
            "src": "@openzeppelin/contracts-upgradeable/token/ERC721/extensions/ERC721EnumerableUpgradeable.sol:31"
          },
          {
            "label": "__gap",
            "offset": 0,
            "slot": "155",
            "type": "t_array(t_uint256)46_storage",
            "contract": "ERC721EnumerableUpgradeable",
            "src": "@openzeppelin/contracts-upgradeable/token/ERC721/extensions/ERC721EnumerableUpgradeable.sol:175"
          },
          {
            "label": "__gap",
            "offset": 0,
            "slot": "201",
            "type": "t_array(t_uint256)50_storage",
            "contract": "ERC1967UpgradeUpgradeable",
            "src": "@openzeppelin/contracts-upgradeable/proxy/ERC1967/ERC1967UpgradeUpgradeable.sol:211"
          },
          {
            "label": "__gap",
            "offset": 0,
            "slot": "251",
            "type": "t_array(t_uint256)50_storage",
            "contract": "UUPSUpgradeable",
            "src": "@openzeppelin/contracts-upgradeable/proxy/utils/UUPSUpgradeable.sol:107"
          },
          {
            "label": "_owner",
            "offset": 0,
            "slot": "301",
            "type": "t_address",
            "contract": "OwnableUpgradeable",
            "src": "@openzeppelin/contracts-upgradeable/access/OwnableUpgradeable.sol:22"
          },
          {
            "label": "__gap",
            "offset": 0,
            "slot": "302",
            "type": "t_array(t_uint256)49_storage",
            "contract": "OwnableUpgradeable",
            "src": "@openzeppelin/contracts-upgradeable/access/OwnableUpgradeable.sol:87"
          },
          {
            "label": "GWEI",
            "offset": 0,
            "slot": "351",
            "type": "t_uint256",
            "contract": "SWNFTUpgrade",
            "src": "contracts/swNFTUpgrade.sol:45"
          },
          {
            "label": "tokenIds",
            "offset": 0,
            "slot": "352",
            "type": "t_struct(Counter)2454_storage",
            "contract": "SWNFTUpgrade",
            "src": "contracts/swNFTUpgrade.sol:51"
          },
          {
            "label": "swETHAddress",
            "offset": 0,
            "slot": "353",
            "type": "t_address",
            "contract": "SWNFTUpgrade",
            "src": "contracts/swNFTUpgrade.sol:53"
          },
          {
            "label": "swETHSymbolOld",
            "offset": 0,
            "slot": "354",
            "type": "t_string_storage",
            "contract": "SWNFTUpgrade",
            "src": "contracts/swNFTUpgrade.sol:57"
          },
          {
            "label": "swellAddress",
            "offset": 0,
            "slot": "355",
            "type": "t_address",
            "contract": "SWNFTUpgrade",
            "src": "contracts/swNFTUpgrade.sol:58"
          },
          {
            "label": "ETHER",
            "offset": 0,
            "slot": "356",
            "type": "t_uint256",
            "contract": "SWNFTUpgrade",
            "src": "contracts/swNFTUpgrade.sol:59"
          },
          {
            "label": "feePool",
            "offset": 0,
            "slot": "357",
            "type": "t_address",
            "contract": "SWNFTUpgrade",
            "src": "contracts/swNFTUpgrade.sol:60"
          },
          {
            "label": "fee",
            "offset": 0,
            "slot": "358",
            "type": "t_uint256",
            "contract": "SWNFTUpgrade",
            "src": "contracts/swNFTUpgrade.sol:61"
          },
          {
            "label": "depositContract",
            "offset": 0,
            "slot": "359",
            "type": "t_contract(IDepositContract)11919",
            "contract": "SWNFTUpgrade",
            "src": "contracts/swNFTUpgrade.sol:63"
          },
          {
            "label": "validators",
            "offset": 0,
            "slot": "360",
            "type": "t_array(t_bytes_storage)dyn_storage",
            "contract": "SWNFTUpgrade",
            "src": "contracts/swNFTUpgrade.sol:65"
          },
          {
            "label": "validatorDeposits",
            "offset": 0,
            "slot": "361",
            "type": "t_mapping(t_bytes_memory_ptr,t_uint256)",
            "contract": "SWNFTUpgrade",
            "src": "contracts/swNFTUpgrade.sol:66"
          },
          {
            "label": "whiteList",
            "offset": 0,
            "slot": "362",
            "type": "t_mapping(t_bytes_memory_ptr,t_bool)",
            "contract": "SWNFTUpgrade",
            "src": "contracts/swNFTUpgrade.sol:67"
          },
          {
            "label": "positions",
            "offset": 0,
            "slot": "363",
            "type": "t_mapping(t_uint256,t_struct(Position)6473_storage)",
            "contract": "SWNFTUpgrade",
            "src": "contracts/swNFTUpgrade.sol:70"
          },
          {
            "label": "deprecatedStrategies",
            "offset": 0,
            "slot": "364",
            "type": "t_array(t_address)dyn_storage",
            "contract": "SWNFTUpgrade",
            "src": "contracts/swNFTUpgrade.sol:72"
          },
          {
            "label": "opRate",
            "offset": 0,
            "slot": "365",
            "type": "t_mapping(t_bytes_memory_ptr,t_uint256)",
            "contract": "SWNFTUpgrade",
            "src": "contracts/swNFTUpgrade.sol:450"
          },
          {
            "label": "botAddress",
            "offset": 0,
            "slot": "366",
            "type": "t_address",
            "contract": "SWNFTUpgrade",
            "src": "contracts/swNFTUpgrade.sol:451"
          },
          {
            "label": "isValidatorActive",
            "offset": 0,
            "slot": "367",
            "type": "t_mapping(t_bytes_memory_ptr,t_bool)",
            "contract": "SWNFTUpgrade",
            "src": "contracts/swNFTUpgrade.sol:452"
          },
          {
            "label": "strategiesSet",
            "offset": 0,
            "slot": "368",
            "type": "t_struct(AddressSet)3153_storage",
            "contract": "SWNFTUpgrade",
            "src": "contracts/swNFTUpgrade.sol:453"
          }
        ],
        "types": {
          "t_address": {
            "label": "address",
            "numberOfBytes": "20"
          },
          "t_array(t_address)dyn_storage": {
            "label": "address[]",
            "numberOfBytes": "32"
          },
          "t_array(t_bytes32)dyn_storage": {
            "label": "bytes32[]",
            "numberOfBytes": "32"
          },
          "t_array(t_bytes_storage)dyn_storage": {
            "label": "bytes[]",
            "numberOfBytes": "32"
          },
          "t_array(t_uint256)44_storage": {
            "label": "uint256[44]",
            "numberOfBytes": "1408"
          },
          "t_array(t_uint256)46_storage": {
            "label": "uint256[46]",
            "numberOfBytes": "1472"
          },
          "t_array(t_uint256)49_storage": {
            "label": "uint256[49]",
            "numberOfBytes": "1568"
          },
          "t_array(t_uint256)50_storage": {
            "label": "uint256[50]",
            "numberOfBytes": "1600"
          },
          "t_array(t_uint256)dyn_storage": {
            "label": "uint256[]",
            "numberOfBytes": "32"
          },
          "t_bool": {
            "label": "bool",
            "numberOfBytes": "1"
          },
          "t_bytes32": {
            "label": "bytes32",
            "numberOfBytes": "32"
          },
          "t_bytes_memory_ptr": {
            "label": "bytes",
            "numberOfBytes": "32"
          },
          "t_bytes_storage": {
            "label": "bytes",
            "numberOfBytes": "32"
          },
          "t_contract(IDepositContract)11919": {
            "label": "contract IDepositContract",
            "numberOfBytes": "20"
          },
          "t_mapping(t_address,t_bool)": {
            "label": "mapping(address => bool)",
            "numberOfBytes": "32"
          },
          "t_mapping(t_address,t_mapping(t_address,t_bool))": {
            "label": "mapping(address => mapping(address => bool))",
            "numberOfBytes": "32"
          },
          "t_mapping(t_address,t_mapping(t_uint256,t_uint256))": {
            "label": "mapping(address => mapping(uint256 => uint256))",
            "numberOfBytes": "32"
          },
          "t_mapping(t_address,t_uint256)": {
            "label": "mapping(address => uint256)",
            "numberOfBytes": "32"
          },
          "t_mapping(t_bytes32,t_uint256)": {
            "label": "mapping(bytes32 => uint256)",
            "numberOfBytes": "32"
          },
          "t_mapping(t_bytes_memory_ptr,t_bool)": {
            "label": "mapping(bytes => bool)",
            "numberOfBytes": "32"
          },
          "t_mapping(t_bytes_memory_ptr,t_uint256)": {
            "label": "mapping(bytes => uint256)",
            "numberOfBytes": "32"
          },
          "t_mapping(t_uint256,t_address)": {
            "label": "mapping(uint256 => address)",
            "numberOfBytes": "32"
          },
          "t_mapping(t_uint256,t_struct(Position)6473_storage)": {
            "label": "mapping(uint256 => struct ISWNFT.Position)",
            "numberOfBytes": "32"
          },
          "t_mapping(t_uint256,t_uint256)": {
            "label": "mapping(uint256 => uint256)",
            "numberOfBytes": "32"
          },
          "t_string_storage": {
            "label": "string",
            "numberOfBytes": "32"
          },
          "t_struct(AddressSet)3153_storage": {
            "label": "struct EnumerableSetUpgradeable.AddressSet",
            "members": [
              {
                "label": "_inner",
                "type": "t_struct(Set)2852_storage",
                "offset": 0,
                "slot": "0"
              }
            ],
            "numberOfBytes": "64"
          },
          "t_struct(Counter)2454_storage": {
            "label": "struct CountersUpgradeable.Counter",
            "members": [
              {
                "label": "_value",
                "type": "t_uint256",
                "offset": 0,
                "slot": "0"
              }
            ],
            "numberOfBytes": "32"
          },
          "t_struct(Position)6473_storage": {
            "label": "struct ISWNFT.Position",
            "members": [
              {
                "label": "pubKey",
                "type": "t_bytes_storage",
                "offset": 0,
                "slot": "0"
              },
              {
                "label": "value",
                "type": "t_uint256",
                "offset": 0,
                "slot": "1"
              },
              {
                "label": "baseTokenBalance",
                "type": "t_uint256",
                "offset": 0,
                "slot": "2"
              },
              {
                "label": "timeStamp",
                "type": "t_uint256",
                "offset": 0,
                "slot": "3"
              },
              {
                "label": "operator",
                "type": "t_bool",
                "offset": 0,
                "slot": "4"
              }
            ],
            "numberOfBytes": "160"
          },
          "t_struct(Set)2852_storage": {
            "label": "struct EnumerableSetUpgradeable.Set",
            "members": [
              {
                "label": "_values",
                "type": "t_array(t_bytes32)dyn_storage",
                "offset": 0,
                "slot": "0"
              },
              {
                "label": "_indexes",
                "type": "t_mapping(t_bytes32,t_uint256)",
                "offset": 0,
                "slot": "1"
              }
            ],
            "numberOfBytes": "64"
          },
          "t_uint256": {
            "label": "uint256",
            "numberOfBytes": "32"
          }
        }
      }
    },
    "b5da1a6079ca2560e2149492c95aa9306de100f0163b8bedb1f73c403faa7cf4": {
      "address": "0xe37fb589D7eE3b180B5F360885A3c63cE650A59f",
      "txHash": "0x0b5c6ad2cbd13202746222597a68c840e5aab1b81572db3b68bfed05f623f7fb",
      "layout": {
        "storage": [
          {
            "contract": "Initializable",
            "label": "_initialized",
            "type": "t_bool",
            "src": "@openzeppelin/contracts-upgradeable/proxy/utils/Initializable.sol:39"
          },
          {
            "contract": "Initializable",
            "label": "_initializing",
            "type": "t_bool",
            "src": "@openzeppelin/contracts-upgradeable/proxy/utils/Initializable.sol:44"
          },
          {
            "contract": "ContextUpgradeable",
            "label": "__gap",
            "type": "t_array(t_uint256)50_storage",
            "src": "@openzeppelin/contracts-upgradeable/utils/ContextUpgradeable.sol:36"
          },
          {
            "contract": "ERC165Upgradeable",
            "label": "__gap",
            "type": "t_array(t_uint256)50_storage",
            "src": "@openzeppelin/contracts-upgradeable/utils/introspection/ERC165Upgradeable.sol:41"
          },
          {
            "contract": "ERC721Upgradeable",
            "label": "_name",
            "type": "t_string_storage",
            "src": "@openzeppelin/contracts-upgradeable/token/ERC721/ERC721Upgradeable.sol:25"
          },
          {
            "contract": "ERC721Upgradeable",
            "label": "_symbol",
            "type": "t_string_storage",
            "src": "@openzeppelin/contracts-upgradeable/token/ERC721/ERC721Upgradeable.sol:28"
          },
          {
            "contract": "ERC721Upgradeable",
            "label": "_owners",
            "type": "t_mapping(t_uint256,t_address)",
            "src": "@openzeppelin/contracts-upgradeable/token/ERC721/ERC721Upgradeable.sol:31"
          },
          {
            "contract": "ERC721Upgradeable",
            "label": "_balances",
            "type": "t_mapping(t_address,t_uint256)",
            "src": "@openzeppelin/contracts-upgradeable/token/ERC721/ERC721Upgradeable.sol:34"
          },
          {
            "contract": "ERC721Upgradeable",
            "label": "_tokenApprovals",
            "type": "t_mapping(t_uint256,t_address)",
            "src": "@openzeppelin/contracts-upgradeable/token/ERC721/ERC721Upgradeable.sol:37"
          },
          {
            "contract": "ERC721Upgradeable",
            "label": "_operatorApprovals",
            "type": "t_mapping(t_address,t_mapping(t_address,t_bool))",
            "src": "@openzeppelin/contracts-upgradeable/token/ERC721/ERC721Upgradeable.sol:40"
          },
          {
            "contract": "ERC721Upgradeable",
            "label": "__gap",
            "type": "t_array(t_uint256)44_storage",
            "src": "@openzeppelin/contracts-upgradeable/token/ERC721/ERC721Upgradeable.sol:458"
          },
          {
            "contract": "ERC721EnumerableUpgradeable",
            "label": "_ownedTokens",
            "type": "t_mapping(t_address,t_mapping(t_uint256,t_uint256))",
            "src": "@openzeppelin/contracts-upgradeable/token/ERC721/extensions/ERC721EnumerableUpgradeable.sol:22"
          },
          {
            "contract": "ERC721EnumerableUpgradeable",
            "label": "_ownedTokensIndex",
            "type": "t_mapping(t_uint256,t_uint256)",
            "src": "@openzeppelin/contracts-upgradeable/token/ERC721/extensions/ERC721EnumerableUpgradeable.sol:25"
          },
          {
            "contract": "ERC721EnumerableUpgradeable",
            "label": "_allTokens",
            "type": "t_array(t_uint256)dyn_storage",
            "src": "@openzeppelin/contracts-upgradeable/token/ERC721/extensions/ERC721EnumerableUpgradeable.sol:28"
          },
          {
            "contract": "ERC721EnumerableUpgradeable",
            "label": "_allTokensIndex",
            "type": "t_mapping(t_uint256,t_uint256)",
            "src": "@openzeppelin/contracts-upgradeable/token/ERC721/extensions/ERC721EnumerableUpgradeable.sol:31"
          },
          {
            "contract": "ERC721EnumerableUpgradeable",
            "label": "__gap",
            "type": "t_array(t_uint256)46_storage",
            "src": "@openzeppelin/contracts-upgradeable/token/ERC721/extensions/ERC721EnumerableUpgradeable.sol:175"
          },
          {
            "contract": "ERC1967UpgradeUpgradeable",
            "label": "__gap",
            "type": "t_array(t_uint256)50_storage",
            "src": "@openzeppelin/contracts-upgradeable/proxy/ERC1967/ERC1967UpgradeUpgradeable.sol:211"
          },
          {
            "contract": "UUPSUpgradeable",
            "label": "__gap",
            "type": "t_array(t_uint256)50_storage",
            "src": "@openzeppelin/contracts-upgradeable/proxy/utils/UUPSUpgradeable.sol:107"
          },
          {
            "contract": "OwnableUpgradeable",
            "label": "_owner",
            "type": "t_address",
            "src": "@openzeppelin/contracts-upgradeable/access/OwnableUpgradeable.sol:22"
          },
          {
            "contract": "OwnableUpgradeable",
            "label": "__gap",
            "type": "t_array(t_uint256)49_storage",
            "src": "@openzeppelin/contracts-upgradeable/access/OwnableUpgradeable.sol:87"
          },
          {
            "contract": "SWNFTUpgrade",
            "label": "GWEI",
            "type": "t_uint256",
            "src": "contracts/swNFTUpgrade.sol:44"
          },
          {
            "contract": "SWNFTUpgrade",
            "label": "tokenIds",
            "type": "t_struct(Counter)2454_storage",
            "src": "contracts/swNFTUpgrade.sol:49"
          },
          {
            "contract": "SWNFTUpgrade",
            "label": "swETHAddress",
            "type": "t_address",
            "src": "contracts/swNFTUpgrade.sol:51"
          },
          {
            "contract": "SWNFTUpgrade",
            "label": "swETHSymbolOld",
            "type": "t_string_storage",
            "src": "contracts/swNFTUpgrade.sol:55"
          },
          {
            "contract": "SWNFTUpgrade",
            "label": "swellAddress",
            "type": "t_address",
            "src": "contracts/swNFTUpgrade.sol:56"
          },
          {
            "contract": "SWNFTUpgrade",
            "label": "ETHER",
            "type": "t_uint256",
            "src": "contracts/swNFTUpgrade.sol:57"
          },
          {
            "contract": "SWNFTUpgrade",
            "label": "feePool",
            "type": "t_address",
            "src": "contracts/swNFTUpgrade.sol:58"
          },
          {
            "contract": "SWNFTUpgrade",
            "label": "fee",
            "type": "t_uint256",
            "src": "contracts/swNFTUpgrade.sol:59"
          },
          {
            "contract": "SWNFTUpgrade",
            "label": "depositContract",
            "type": "t_contract(IDepositContract)5603",
            "src": "contracts/swNFTUpgrade.sol:61"
          },
          {
            "contract": "SWNFTUpgrade",
            "label": "validators",
            "type": "t_array(t_bytes_storage)dyn_storage",
            "src": "contracts/swNFTUpgrade.sol:63"
          },
          {
            "contract": "SWNFTUpgrade",
            "label": "validatorDeposits",
            "type": "t_mapping(t_bytes_memory_ptr,t_uint256)",
            "src": "contracts/swNFTUpgrade.sol:64"
          },
          {
            "contract": "SWNFTUpgrade",
            "label": "whiteList",
            "type": "t_mapping(t_bytes_memory_ptr,t_bool)",
            "src": "contracts/swNFTUpgrade.sol:65"
          },
          {
            "contract": "SWNFTUpgrade",
            "label": "positions",
            "type": "t_mapping(t_uint256,t_struct(Position)4409_storage)",
            "src": "contracts/swNFTUpgrade.sol:68"
          },
          {
            "contract": "SWNFTUpgrade",
            "label": "strategies",
            "type": "t_array(t_address)dyn_storage",
            "src": "contracts/swNFTUpgrade.sol:70"
          },
          {
            "contract": "SWNFTUpgrade",
            "label": "__gap",
            "type": "t_array(t_uint256)47_storage",
            "src": "contracts/swNFTUpgrade.sol:418"
          },
          {
            "contract": "SWNFTUpgrade",
            "label": "opRate",
            "type": "t_mapping(t_address,t_uint256)",
            "src": "contracts/swNFTUpgrade.sol:419"
          },
          {
            "contract": "SWNFTUpgrade",
            "label": "botAddress",
            "type": "t_address",
            "src": "contracts/swNFTUpgrade.sol:420"
          },
          {
            "contract": "SWNFTUpgrade",
            "label": "isValidatorActive",
            "type": "t_mapping(t_bytes_memory_ptr,t_bool)",
            "src": "contracts/swNFTUpgrade.sol:421"
          }
        ],
        "types": {
          "t_uint256": {
            "label": "uint256"
          },
          "t_struct(Counter)2454_storage": {
            "label": "struct CountersUpgradeable.Counter",
            "members": [
              {
                "label": "_value",
                "type": "t_uint256"
              }
            ]
          },
          "t_address": {
            "label": "address"
          },
          "t_string_storage": {
            "label": "string"
          },
          "t_contract(IDepositContract)5603": {
            "label": "contract IDepositContract"
          },
          "t_array(t_bytes_storage)dyn_storage": {
            "label": "bytes[]"
          },
          "t_bytes_storage": {
            "label": "bytes"
          },
          "t_mapping(t_bytes_memory_ptr,t_uint256)": {
            "label": "mapping(bytes => uint256)"
          },
          "t_mapping(t_bytes_memory_ptr,t_bool)": {
            "label": "mapping(bytes => bool)"
          },
          "t_bool": {
            "label": "bool"
          },
          "t_mapping(t_uint256,t_struct(Position)4409_storage)": {
            "label": "mapping(uint256 => struct ISWNFT.Position)"
          },
          "t_struct(Position)4409_storage": {
            "label": "struct ISWNFT.Position",
            "members": [
              {
                "label": "pubKey",
                "type": "t_bytes_storage"
              },
              {
                "label": "value",
                "type": "t_uint256"
              },
              {
                "label": "baseTokenBalance",
                "type": "t_uint256"
              },
              {
                "label": "timeStamp",
                "type": "t_uint256"
              },
              {
                "label": "operator",
                "type": "t_bool"
              }
            ]
          },
          "t_array(t_address)dyn_storage": {
            "label": "address[]"
          },
          "t_array(t_uint256)47_storage": {
            "label": "uint256[47]"
          },
          "t_mapping(t_address,t_uint256)": {
            "label": "mapping(address => uint256)"
          },
          "t_array(t_uint256)49_storage": {
            "label": "uint256[49]"
          },
          "t_array(t_uint256)50_storage": {
            "label": "uint256[50]"
          },
          "t_mapping(t_address,t_mapping(t_uint256,t_uint256))": {
            "label": "mapping(address => mapping(uint256 => uint256))"
          },
          "t_mapping(t_uint256,t_uint256)": {
            "label": "mapping(uint256 => uint256)"
          },
          "t_array(t_uint256)dyn_storage": {
            "label": "uint256[]"
          },
          "t_array(t_uint256)46_storage": {
            "label": "uint256[46]"
          },
          "t_mapping(t_uint256,t_address)": {
            "label": "mapping(uint256 => address)"
          },
          "t_mapping(t_address,t_mapping(t_address,t_bool))": {
            "label": "mapping(address => mapping(address => bool))"
          },
          "t_mapping(t_address,t_bool)": {
            "label": "mapping(address => bool)"
          },
          "t_array(t_uint256)44_storage": {
            "label": "uint256[44]"
          }
        }
      }
    },
    "b90206d61706bda341484a94771da5a8dc70317a4e090a36c15bc94508ccdadf": {
      "address": "0x51e8570635C85742Ccc0a8E609f697F7D1888F6b",
      "txHash": "0xd0fa78b441d0608a7732ca9e316a54a86c592311c302406b07b79a49bb3005f8",
      "layout": {
        "storage": [
          {
            "contract": "Initializable",
            "label": "_initialized",
            "type": "t_bool",
            "src": "@openzeppelin/contracts-upgradeable/proxy/utils/Initializable.sol:39"
          },
          {
            "contract": "Initializable",
            "label": "_initializing",
            "type": "t_bool",
            "src": "@openzeppelin/contracts-upgradeable/proxy/utils/Initializable.sol:44"
          },
          {
            "contract": "ContextUpgradeable",
            "label": "__gap",
            "type": "t_array(t_uint256)50_storage",
            "src": "@openzeppelin/contracts-upgradeable/utils/ContextUpgradeable.sol:36"
          },
          {
            "contract": "ERC165Upgradeable",
            "label": "__gap",
            "type": "t_array(t_uint256)50_storage",
            "src": "@openzeppelin/contracts-upgradeable/utils/introspection/ERC165Upgradeable.sol:41"
          },
          {
            "contract": "ERC721Upgradeable",
            "label": "_name",
            "type": "t_string_storage",
            "src": "@openzeppelin/contracts-upgradeable/token/ERC721/ERC721Upgradeable.sol:25"
          },
          {
            "contract": "ERC721Upgradeable",
            "label": "_symbol",
            "type": "t_string_storage",
            "src": "@openzeppelin/contracts-upgradeable/token/ERC721/ERC721Upgradeable.sol:28"
          },
          {
            "contract": "ERC721Upgradeable",
            "label": "_owners",
            "type": "t_mapping(t_uint256,t_address)",
            "src": "@openzeppelin/contracts-upgradeable/token/ERC721/ERC721Upgradeable.sol:31"
          },
          {
            "contract": "ERC721Upgradeable",
            "label": "_balances",
            "type": "t_mapping(t_address,t_uint256)",
            "src": "@openzeppelin/contracts-upgradeable/token/ERC721/ERC721Upgradeable.sol:34"
          },
          {
            "contract": "ERC721Upgradeable",
            "label": "_tokenApprovals",
            "type": "t_mapping(t_uint256,t_address)",
            "src": "@openzeppelin/contracts-upgradeable/token/ERC721/ERC721Upgradeable.sol:37"
          },
          {
            "contract": "ERC721Upgradeable",
            "label": "_operatorApprovals",
            "type": "t_mapping(t_address,t_mapping(t_address,t_bool))",
            "src": "@openzeppelin/contracts-upgradeable/token/ERC721/ERC721Upgradeable.sol:40"
          },
          {
            "contract": "ERC721Upgradeable",
            "label": "__gap",
            "type": "t_array(t_uint256)44_storage",
            "src": "@openzeppelin/contracts-upgradeable/token/ERC721/ERC721Upgradeable.sol:458"
          },
          {
            "contract": "ERC721EnumerableUpgradeable",
            "label": "_ownedTokens",
            "type": "t_mapping(t_address,t_mapping(t_uint256,t_uint256))",
            "src": "@openzeppelin/contracts-upgradeable/token/ERC721/extensions/ERC721EnumerableUpgradeable.sol:22"
          },
          {
            "contract": "ERC721EnumerableUpgradeable",
            "label": "_ownedTokensIndex",
            "type": "t_mapping(t_uint256,t_uint256)",
            "src": "@openzeppelin/contracts-upgradeable/token/ERC721/extensions/ERC721EnumerableUpgradeable.sol:25"
          },
          {
            "contract": "ERC721EnumerableUpgradeable",
            "label": "_allTokens",
            "type": "t_array(t_uint256)dyn_storage",
            "src": "@openzeppelin/contracts-upgradeable/token/ERC721/extensions/ERC721EnumerableUpgradeable.sol:28"
          },
          {
            "contract": "ERC721EnumerableUpgradeable",
            "label": "_allTokensIndex",
            "type": "t_mapping(t_uint256,t_uint256)",
            "src": "@openzeppelin/contracts-upgradeable/token/ERC721/extensions/ERC721EnumerableUpgradeable.sol:31"
          },
          {
            "contract": "ERC721EnumerableUpgradeable",
            "label": "__gap",
            "type": "t_array(t_uint256)46_storage",
            "src": "@openzeppelin/contracts-upgradeable/token/ERC721/extensions/ERC721EnumerableUpgradeable.sol:175"
          },
          {
            "contract": "ERC1967UpgradeUpgradeable",
            "label": "__gap",
            "type": "t_array(t_uint256)50_storage",
            "src": "@openzeppelin/contracts-upgradeable/proxy/ERC1967/ERC1967UpgradeUpgradeable.sol:211"
          },
          {
            "contract": "UUPSUpgradeable",
            "label": "__gap",
            "type": "t_array(t_uint256)50_storage",
            "src": "@openzeppelin/contracts-upgradeable/proxy/utils/UUPSUpgradeable.sol:107"
          },
          {
            "contract": "OwnableUpgradeable",
            "label": "_owner",
            "type": "t_address",
            "src": "@openzeppelin/contracts-upgradeable/access/OwnableUpgradeable.sol:22"
          },
          {
            "contract": "OwnableUpgradeable",
            "label": "__gap",
            "type": "t_array(t_uint256)49_storage",
            "src": "@openzeppelin/contracts-upgradeable/access/OwnableUpgradeable.sol:87"
          },
          {
            "contract": "SWNFTUpgrade",
            "label": "GWEI",
            "type": "t_uint256",
            "src": "contracts/swNFTUpgrade.sol:45"
          },
          {
            "contract": "SWNFTUpgrade",
            "label": "tokenIds",
            "type": "t_struct(Counter)2454_storage",
            "src": "contracts/swNFTUpgrade.sol:51"
          },
          {
            "contract": "SWNFTUpgrade",
            "label": "swETHAddress",
            "type": "t_address",
            "src": "contracts/swNFTUpgrade.sol:53"
          },
          {
            "contract": "SWNFTUpgrade",
            "label": "swETHSymbolOld",
            "type": "t_string_storage",
            "src": "contracts/swNFTUpgrade.sol:57"
          },
          {
            "contract": "SWNFTUpgrade",
            "label": "swellAddress",
            "type": "t_address",
            "src": "contracts/swNFTUpgrade.sol:58"
          },
          {
            "contract": "SWNFTUpgrade",
            "label": "ETHER",
            "type": "t_uint256",
            "src": "contracts/swNFTUpgrade.sol:59"
          },
          {
            "contract": "SWNFTUpgrade",
            "label": "feePool",
            "type": "t_address",
            "src": "contracts/swNFTUpgrade.sol:60"
          },
          {
            "contract": "SWNFTUpgrade",
            "label": "fee",
            "type": "t_uint256",
            "src": "contracts/swNFTUpgrade.sol:61"
          },
          {
            "contract": "SWNFTUpgrade",
            "label": "depositContract",
            "type": "t_contract(IDepositContract)11919",
            "src": "contracts/swNFTUpgrade.sol:63"
          },
          {
            "contract": "SWNFTUpgrade",
            "label": "validators",
            "type": "t_array(t_bytes_storage)dyn_storage",
            "src": "contracts/swNFTUpgrade.sol:65"
          },
          {
            "contract": "SWNFTUpgrade",
            "label": "validatorDeposits",
            "type": "t_mapping(t_bytes_memory_ptr,t_uint256)",
            "src": "contracts/swNFTUpgrade.sol:66"
          },
          {
            "contract": "SWNFTUpgrade",
            "label": "whiteList",
            "type": "t_mapping(t_bytes_memory_ptr,t_bool)",
            "src": "contracts/swNFTUpgrade.sol:67"
          },
          {
            "contract": "SWNFTUpgrade",
            "label": "positions",
            "type": "t_mapping(t_uint256,t_struct(Position)6473_storage)",
            "src": "contracts/swNFTUpgrade.sol:70"
          },
          {
            "contract": "SWNFTUpgrade",
            "label": "deprecatedStrategies",
            "type": "t_array(t_address)dyn_storage",
            "src": "contracts/swNFTUpgrade.sol:72"
          },
          {
            "contract": "SWNFTUpgrade",
            "label": "opRate",
            "type": "t_mapping(t_bytes_memory_ptr,t_uint256)",
            "src": "contracts/swNFTUpgrade.sol:450"
          },
          {
            "contract": "SWNFTUpgrade",
            "label": "botAddress",
            "type": "t_address",
            "src": "contracts/swNFTUpgrade.sol:451"
          },
          {
            "contract": "SWNFTUpgrade",
            "label": "isValidatorActive",
            "type": "t_mapping(t_bytes_memory_ptr,t_bool)",
            "src": "contracts/swNFTUpgrade.sol:452"
          },
          {
            "contract": "SWNFTUpgrade",
            "label": "strategiesSet",
            "type": "t_struct(AddressSet)3153_storage",
            "src": "contracts/swNFTUpgrade.sol:453"
          }
        ],
        "types": {
          "t_uint256": {
            "label": "uint256"
          },
          "t_struct(Counter)2454_storage": {
            "label": "struct CountersUpgradeable.Counter",
            "members": [
              {
                "label": "_value",
                "type": "t_uint256"
              }
            ]
          },
          "t_address": {
            "label": "address"
          },
          "t_string_storage": {
            "label": "string"
          },
          "t_contract(IDepositContract)11919": {
            "label": "contract IDepositContract"
          },
          "t_array(t_bytes_storage)dyn_storage": {
            "label": "bytes[]"
          },
          "t_bytes_storage": {
            "label": "bytes"
          },
          "t_mapping(t_bytes_memory_ptr,t_uint256)": {
            "label": "mapping(bytes => uint256)"
          },
          "t_mapping(t_bytes_memory_ptr,t_bool)": {
            "label": "mapping(bytes => bool)"
          },
          "t_bool": {
            "label": "bool"
          },
          "t_mapping(t_uint256,t_struct(Position)6473_storage)": {
            "label": "mapping(uint256 => struct ISWNFT.Position)"
          },
          "t_struct(Position)6473_storage": {
            "label": "struct ISWNFT.Position",
            "members": [
              {
                "label": "pubKey",
                "type": "t_bytes_storage"
              },
              {
                "label": "value",
                "type": "t_uint256"
              },
              {
                "label": "baseTokenBalance",
                "type": "t_uint256"
              },
              {
                "label": "timeStamp",
                "type": "t_uint256"
              },
              {
                "label": "operator",
                "type": "t_bool"
              }
            ]
          },
          "t_array(t_address)dyn_storage": {
            "label": "address[]"
          },
          "t_struct(AddressSet)3153_storage": {
            "label": "struct EnumerableSetUpgradeable.AddressSet",
            "members": [
              {
                "label": "_inner",
                "type": "t_struct(Set)2852_storage"
              }
            ]
          },
          "t_struct(Set)2852_storage": {
            "label": "struct EnumerableSetUpgradeable.Set",
            "members": [
              {
                "label": "_values",
                "type": "t_array(t_bytes32)dyn_storage"
              },
              {
                "label": "_indexes",
                "type": "t_mapping(t_bytes32,t_uint256)"
              }
            ]
          },
          "t_array(t_bytes32)dyn_storage": {
            "label": "bytes32[]"
          },
          "t_bytes32": {
            "label": "bytes32"
          },
          "t_mapping(t_bytes32,t_uint256)": {
            "label": "mapping(bytes32 => uint256)"
          },
          "t_array(t_uint256)49_storage": {
            "label": "uint256[49]"
          },
          "t_array(t_uint256)50_storage": {
            "label": "uint256[50]"
          },
          "t_mapping(t_address,t_mapping(t_uint256,t_uint256))": {
            "label": "mapping(address => mapping(uint256 => uint256))"
          },
          "t_mapping(t_uint256,t_uint256)": {
            "label": "mapping(uint256 => uint256)"
          },
          "t_array(t_uint256)dyn_storage": {
            "label": "uint256[]"
          },
          "t_array(t_uint256)46_storage": {
            "label": "uint256[46]"
          },
          "t_mapping(t_uint256,t_address)": {
            "label": "mapping(uint256 => address)"
          },
          "t_mapping(t_address,t_uint256)": {
            "label": "mapping(address => uint256)"
          },
          "t_mapping(t_address,t_mapping(t_address,t_bool))": {
            "label": "mapping(address => mapping(address => bool))"
          },
          "t_mapping(t_address,t_bool)": {
            "label": "mapping(address => bool)"
          },
          "t_array(t_uint256)44_storage": {
            "label": "uint256[44]"
          }
        }
      }
    },
    "548f4a26856e1ff128a0d04df013ab3f3d73cc4bc3f27a698ce7b26fdffe85c6": {
      "address": "0xc0e92E68601F7f9BB2703A184Aa648f0362De6E6",
      "txHash": "0x7e29cb2dab1c0569e77737efb6d41088bcf637b1f5b5767954e147ffb447e5db",
      "layout": {
        "storage": [
          {
            "contract": "Initializable",
            "label": "_initialized",
            "type": "t_bool",
            "src": "@openzeppelin/contracts-upgradeable/proxy/utils/Initializable.sol:39"
          },
          {
            "contract": "Initializable",
            "label": "_initializing",
            "type": "t_bool",
            "src": "@openzeppelin/contracts-upgradeable/proxy/utils/Initializable.sol:44"
          },
          {
            "contract": "ContextUpgradeable",
            "label": "__gap",
            "type": "t_array(t_uint256)50_storage",
            "src": "@openzeppelin/contracts-upgradeable/utils/ContextUpgradeable.sol:36"
          },
          {
            "contract": "ERC165Upgradeable",
            "label": "__gap",
            "type": "t_array(t_uint256)50_storage",
            "src": "@openzeppelin/contracts-upgradeable/utils/introspection/ERC165Upgradeable.sol:41"
          },
          {
            "contract": "ERC721Upgradeable",
            "label": "_name",
            "type": "t_string_storage",
            "src": "@openzeppelin/contracts-upgradeable/token/ERC721/ERC721Upgradeable.sol:25"
          },
          {
            "contract": "ERC721Upgradeable",
            "label": "_symbol",
            "type": "t_string_storage",
            "src": "@openzeppelin/contracts-upgradeable/token/ERC721/ERC721Upgradeable.sol:28"
          },
          {
            "contract": "ERC721Upgradeable",
            "label": "_owners",
            "type": "t_mapping(t_uint256,t_address)",
            "src": "@openzeppelin/contracts-upgradeable/token/ERC721/ERC721Upgradeable.sol:31"
          },
          {
            "contract": "ERC721Upgradeable",
            "label": "_balances",
            "type": "t_mapping(t_address,t_uint256)",
            "src": "@openzeppelin/contracts-upgradeable/token/ERC721/ERC721Upgradeable.sol:34"
          },
          {
            "contract": "ERC721Upgradeable",
            "label": "_tokenApprovals",
            "type": "t_mapping(t_uint256,t_address)",
            "src": "@openzeppelin/contracts-upgradeable/token/ERC721/ERC721Upgradeable.sol:37"
          },
          {
            "contract": "ERC721Upgradeable",
            "label": "_operatorApprovals",
            "type": "t_mapping(t_address,t_mapping(t_address,t_bool))",
            "src": "@openzeppelin/contracts-upgradeable/token/ERC721/ERC721Upgradeable.sol:40"
          },
          {
            "contract": "ERC721Upgradeable",
            "label": "__gap",
            "type": "t_array(t_uint256)44_storage",
            "src": "@openzeppelin/contracts-upgradeable/token/ERC721/ERC721Upgradeable.sol:458"
          },
          {
            "contract": "ERC721EnumerableUpgradeable",
            "label": "_ownedTokens",
            "type": "t_mapping(t_address,t_mapping(t_uint256,t_uint256))",
            "src": "@openzeppelin/contracts-upgradeable/token/ERC721/extensions/ERC721EnumerableUpgradeable.sol:22"
          },
          {
            "contract": "ERC721EnumerableUpgradeable",
            "label": "_ownedTokensIndex",
            "type": "t_mapping(t_uint256,t_uint256)",
            "src": "@openzeppelin/contracts-upgradeable/token/ERC721/extensions/ERC721EnumerableUpgradeable.sol:25"
          },
          {
            "contract": "ERC721EnumerableUpgradeable",
            "label": "_allTokens",
            "type": "t_array(t_uint256)dyn_storage",
            "src": "@openzeppelin/contracts-upgradeable/token/ERC721/extensions/ERC721EnumerableUpgradeable.sol:28"
          },
          {
            "contract": "ERC721EnumerableUpgradeable",
            "label": "_allTokensIndex",
            "type": "t_mapping(t_uint256,t_uint256)",
            "src": "@openzeppelin/contracts-upgradeable/token/ERC721/extensions/ERC721EnumerableUpgradeable.sol:31"
          },
          {
            "contract": "ERC721EnumerableUpgradeable",
            "label": "__gap",
            "type": "t_array(t_uint256)46_storage",
            "src": "@openzeppelin/contracts-upgradeable/token/ERC721/extensions/ERC721EnumerableUpgradeable.sol:175"
          },
          {
            "contract": "ERC1967UpgradeUpgradeable",
            "label": "__gap",
            "type": "t_array(t_uint256)50_storage",
            "src": "@openzeppelin/contracts-upgradeable/proxy/ERC1967/ERC1967UpgradeUpgradeable.sol:211"
          },
          {
            "contract": "UUPSUpgradeable",
            "label": "__gap",
            "type": "t_array(t_uint256)50_storage",
            "src": "@openzeppelin/contracts-upgradeable/proxy/utils/UUPSUpgradeable.sol:107"
          },
          {
            "contract": "OwnableUpgradeable",
            "label": "_owner",
            "type": "t_address",
            "src": "@openzeppelin/contracts-upgradeable/access/OwnableUpgradeable.sol:22"
          },
          {
            "contract": "OwnableUpgradeable",
            "label": "__gap",
            "type": "t_array(t_uint256)49_storage",
            "src": "@openzeppelin/contracts-upgradeable/access/OwnableUpgradeable.sol:87"
          },
          {
            "contract": "SWNFTUpgrade",
            "label": "GWEI",
            "type": "t_uint256",
            "src": "contracts/swNFTUpgrade.sol:45"
          },
          {
            "contract": "SWNFTUpgrade",
            "label": "tokenIds",
            "type": "t_struct(Counter)2454_storage",
            "src": "contracts/swNFTUpgrade.sol:51"
          },
          {
            "contract": "SWNFTUpgrade",
            "label": "swETHAddress",
            "type": "t_address",
            "src": "contracts/swNFTUpgrade.sol:53"
          },
          {
            "contract": "SWNFTUpgrade",
            "label": "swETHSymbolOld",
            "type": "t_string_storage",
            "src": "contracts/swNFTUpgrade.sol:57"
          },
          {
            "contract": "SWNFTUpgrade",
            "label": "swellAddress",
            "type": "t_address",
            "src": "contracts/swNFTUpgrade.sol:58"
          },
          {
            "contract": "SWNFTUpgrade",
            "label": "ETHER",
            "type": "t_uint256",
            "src": "contracts/swNFTUpgrade.sol:59"
          },
          {
            "contract": "SWNFTUpgrade",
            "label": "feePool",
            "type": "t_address",
            "src": "contracts/swNFTUpgrade.sol:60"
          },
          {
            "contract": "SWNFTUpgrade",
            "label": "fee",
            "type": "t_uint256",
            "src": "contracts/swNFTUpgrade.sol:61"
          },
          {
            "contract": "SWNFTUpgrade",
            "label": "depositContract",
            "type": "t_contract(IDepositContract)11919",
            "src": "contracts/swNFTUpgrade.sol:63"
          },
          {
            "contract": "SWNFTUpgrade",
            "label": "validators",
            "type": "t_array(t_bytes_storage)dyn_storage",
            "src": "contracts/swNFTUpgrade.sol:65"
          },
          {
            "contract": "SWNFTUpgrade",
            "label": "validatorDeposits",
            "type": "t_mapping(t_bytes_memory_ptr,t_uint256)",
            "src": "contracts/swNFTUpgrade.sol:66"
          },
          {
            "contract": "SWNFTUpgrade",
            "label": "whiteList",
            "type": "t_mapping(t_bytes_memory_ptr,t_bool)",
            "src": "contracts/swNFTUpgrade.sol:67"
          },
          {
            "contract": "SWNFTUpgrade",
            "label": "positions",
            "type": "t_mapping(t_uint256,t_struct(Position)6473_storage)",
            "src": "contracts/swNFTUpgrade.sol:70"
          },
          {
            "contract": "SWNFTUpgrade",
            "label": "deprecatedStrategies",
            "type": "t_array(t_address)dyn_storage",
            "src": "contracts/swNFTUpgrade.sol:72"
          },
          {
            "contract": "SWNFTUpgrade",
            "label": "opRate",
            "type": "t_mapping(t_bytes_memory_ptr,t_uint256)",
            "src": "contracts/swNFTUpgrade.sol:450"
          },
          {
            "contract": "SWNFTUpgrade",
            "label": "botAddress",
            "type": "t_address",
            "src": "contracts/swNFTUpgrade.sol:451"
          },
          {
            "contract": "SWNFTUpgrade",
            "label": "isValidatorActive",
            "type": "t_mapping(t_bytes_memory_ptr,t_bool)",
            "src": "contracts/swNFTUpgrade.sol:452"
          },
          {
            "contract": "SWNFTUpgrade",
            "label": "strategiesSet",
            "type": "t_struct(AddressSet)3153_storage",
            "src": "contracts/swNFTUpgrade.sol:453"
          }
        ],
        "types": {
          "t_uint256": {
            "label": "uint256"
          },
          "t_struct(Counter)2454_storage": {
            "label": "struct CountersUpgradeable.Counter",
            "members": [
              {
                "label": "_value",
                "type": "t_uint256"
              }
            ]
          },
          "t_address": {
            "label": "address"
          },
          "t_string_storage": {
            "label": "string"
          },
          "t_contract(IDepositContract)11919": {
            "label": "contract IDepositContract"
          },
          "t_array(t_bytes_storage)dyn_storage": {
            "label": "bytes[]"
          },
          "t_bytes_storage": {
            "label": "bytes"
          },
          "t_mapping(t_bytes_memory_ptr,t_uint256)": {
            "label": "mapping(bytes => uint256)"
          },
          "t_mapping(t_bytes_memory_ptr,t_bool)": {
            "label": "mapping(bytes => bool)"
          },
          "t_bool": {
            "label": "bool"
          },
          "t_mapping(t_uint256,t_struct(Position)6473_storage)": {
            "label": "mapping(uint256 => struct ISWNFT.Position)"
          },
          "t_struct(Position)6473_storage": {
            "label": "struct ISWNFT.Position",
            "members": [
              {
                "label": "pubKey",
                "type": "t_bytes_storage"
              },
              {
                "label": "value",
                "type": "t_uint256"
              },
              {
                "label": "baseTokenBalance",
                "type": "t_uint256"
              },
              {
                "label": "timeStamp",
                "type": "t_uint256"
              },
              {
                "label": "operator",
                "type": "t_bool"
              }
            ]
          },
          "t_array(t_address)dyn_storage": {
            "label": "address[]"
          },
          "t_struct(AddressSet)3153_storage": {
            "label": "struct EnumerableSetUpgradeable.AddressSet",
            "members": [
              {
                "label": "_inner",
                "type": "t_struct(Set)2852_storage"
              }
            ]
          },
          "t_struct(Set)2852_storage": {
            "label": "struct EnumerableSetUpgradeable.Set",
            "members": [
              {
                "label": "_values",
                "type": "t_array(t_bytes32)dyn_storage"
              },
              {
                "label": "_indexes",
                "type": "t_mapping(t_bytes32,t_uint256)"
              }
            ]
          },
          "t_array(t_bytes32)dyn_storage": {
            "label": "bytes32[]"
          },
          "t_bytes32": {
            "label": "bytes32"
          },
          "t_mapping(t_bytes32,t_uint256)": {
            "label": "mapping(bytes32 => uint256)"
          },
          "t_array(t_uint256)49_storage": {
            "label": "uint256[49]"
          },
          "t_array(t_uint256)50_storage": {
            "label": "uint256[50]"
          },
          "t_mapping(t_address,t_mapping(t_uint256,t_uint256))": {
            "label": "mapping(address => mapping(uint256 => uint256))"
          },
          "t_mapping(t_uint256,t_uint256)": {
            "label": "mapping(uint256 => uint256)"
          },
          "t_array(t_uint256)dyn_storage": {
            "label": "uint256[]"
          },
          "t_array(t_uint256)46_storage": {
            "label": "uint256[46]"
          },
          "t_mapping(t_uint256,t_address)": {
            "label": "mapping(uint256 => address)"
          },
          "t_mapping(t_address,t_uint256)": {
            "label": "mapping(address => uint256)"
          },
          "t_mapping(t_address,t_mapping(t_address,t_bool))": {
            "label": "mapping(address => mapping(address => bool))"
          },
          "t_mapping(t_address,t_bool)": {
            "label": "mapping(address => bool)"
          },
          "t_array(t_uint256)44_storage": {
            "label": "uint256[44]"
          }
        }
      }
    }
  }
}
