{
  "manifestVersion": "3.2",
  "proxies": [
    {
      "address": "0xe31D455b730cf40C02E8CD5db761FBb21342164C",
      "txHash": "0xb84b682848de67fab22577b6e89dfc9e5029dd9eb20e4b10b38e7b9014b9ab43",
      "kind": "uups"
    },
    {
      "address": "0x63ca728e3ce67991C5219d1532497A51102c2bc4",
      "txHash": "0x04f3300b45399177f6fa55e743e52c2644d51b33bf080f1493354161f2f3c000",
      "kind": "uups"
    }
  ],
  "impls": {
    "9820e137de9f872a8bf2d84cb5c282fa95f3b68d19e73229df9069c98afec743": {
      "address": "0xe34253809c2dFd794A4ac1865F041A738af34a4D",
      "txHash": "0x5e0d9f851899573ba2225f62a2ba9cf4e8f390a93f34e32491ec6c698d764c91",
      "layout": {
        "storage": [
          {
            "contract": "Initializable",
            "label": "_initialized",
            "type": "t_bool",
            "src": "@openzeppelin/contracts-upgradeable/proxy/utils/Initializable.sol:39"
          },
          {
            "contract": "Initializable",
            "label": "_initializing",
            "type": "t_bool",
            "src": "@openzeppelin/contracts-upgradeable/proxy/utils/Initializable.sol:44"
          },
          {
            "contract": "ContextUpgradeable",
            "label": "__gap",
            "type": "t_array(t_uint256)50_storage",
            "src": "@openzeppelin/contracts-upgradeable/utils/ContextUpgradeable.sol:36"
          },
          {
            "contract": "ERC165Upgradeable",
            "label": "__gap",
            "type": "t_array(t_uint256)50_storage",
            "src": "@openzeppelin/contracts-upgradeable/utils/introspection/ERC165Upgradeable.sol:41"
          },
          {
            "contract": "ERC721Upgradeable",
            "label": "_name",
            "type": "t_string_storage",
            "src": "@openzeppelin/contracts-upgradeable/token/ERC721/ERC721Upgradeable.sol:25"
          },
          {
            "contract": "ERC721Upgradeable",
            "label": "_symbol",
            "type": "t_string_storage",
            "src": "@openzeppelin/contracts-upgradeable/token/ERC721/ERC721Upgradeable.sol:28"
          },
          {
            "contract": "ERC721Upgradeable",
            "label": "_owners",
            "type": "t_mapping(t_uint256,t_address)",
            "src": "@openzeppelin/contracts-upgradeable/token/ERC721/ERC721Upgradeable.sol:31"
          },
          {
            "contract": "ERC721Upgradeable",
            "label": "_balances",
            "type": "t_mapping(t_address,t_uint256)",
            "src": "@openzeppelin/contracts-upgradeable/token/ERC721/ERC721Upgradeable.sol:34"
          },
          {
            "contract": "ERC721Upgradeable",
            "label": "_tokenApprovals",
            "type": "t_mapping(t_uint256,t_address)",
            "src": "@openzeppelin/contracts-upgradeable/token/ERC721/ERC721Upgradeable.sol:37"
          },
          {
            "contract": "ERC721Upgradeable",
            "label": "_operatorApprovals",
            "type": "t_mapping(t_address,t_mapping(t_address,t_bool))",
            "src": "@openzeppelin/contracts-upgradeable/token/ERC721/ERC721Upgradeable.sol:40"
          },
          {
            "contract": "ERC721Upgradeable",
            "label": "__gap",
            "type": "t_array(t_uint256)44_storage",
            "src": "@openzeppelin/contracts-upgradeable/token/ERC721/ERC721Upgradeable.sol:458"
          },
          {
            "contract": "ERC721EnumerableUpgradeable",
            "label": "_ownedTokens",
            "type": "t_mapping(t_address,t_mapping(t_uint256,t_uint256))",
            "src": "@openzeppelin/contracts-upgradeable/token/ERC721/extensions/ERC721EnumerableUpgradeable.sol:22"
          },
          {
            "contract": "ERC721EnumerableUpgradeable",
            "label": "_ownedTokensIndex",
            "type": "t_mapping(t_uint256,t_uint256)",
            "src": "@openzeppelin/contracts-upgradeable/token/ERC721/extensions/ERC721EnumerableUpgradeable.sol:25"
          },
          {
            "contract": "ERC721EnumerableUpgradeable",
            "label": "_allTokens",
            "type": "t_array(t_uint256)dyn_storage",
            "src": "@openzeppelin/contracts-upgradeable/token/ERC721/extensions/ERC721EnumerableUpgradeable.sol:28"
          },
          {
            "contract": "ERC721EnumerableUpgradeable",
            "label": "_allTokensIndex",
            "type": "t_mapping(t_uint256,t_uint256)",
            "src": "@openzeppelin/contracts-upgradeable/token/ERC721/extensions/ERC721EnumerableUpgradeable.sol:31"
          },
          {
            "contract": "ERC721EnumerableUpgradeable",
            "label": "__gap",
            "type": "t_array(t_uint256)46_storage",
            "src": "@openzeppelin/contracts-upgradeable/token/ERC721/extensions/ERC721EnumerableUpgradeable.sol:175"
          },
          {
            "contract": "ERC1967UpgradeUpgradeable",
            "label": "__gap",
            "type": "t_array(t_uint256)50_storage",
            "src": "@openzeppelin/contracts-upgradeable/proxy/ERC1967/ERC1967UpgradeUpgradeable.sol:211"
          },
          {
            "contract": "UUPSUpgradeable",
            "label": "__gap",
            "type": "t_array(t_uint256)50_storage",
            "src": "@openzeppelin/contracts-upgradeable/proxy/utils/UUPSUpgradeable.sol:107"
          },
          {
            "contract": "OwnableUpgradeable",
            "label": "_owner",
            "type": "t_address",
            "src": "@openzeppelin/contracts-upgradeable/access/OwnableUpgradeable.sol:22"
          },
          {
            "contract": "OwnableUpgradeable",
            "label": "__gap",
            "type": "t_array(t_uint256)49_storage",
            "src": "@openzeppelin/contracts-upgradeable/access/OwnableUpgradeable.sol:87"
          },
          {
            "contract": "SWNFTUpgrade",
            "label": "GWEI",
            "type": "t_uint256",
            "src": "contracts/latest-tag/swNFTUpgrade.sol:45"
          },
          {
            "contract": "SWNFTUpgrade",
            "label": "tokenIds",
            "type": "t_struct(Counter)2454_storage",
            "src": "contracts/latest-tag/swNFTUpgrade.sol:51"
          },
          {
            "contract": "SWNFTUpgrade",
            "label": "swETHAddress",
            "type": "t_address",
            "src": "contracts/latest-tag/swNFTUpgrade.sol:53"
          },
          {
            "contract": "SWNFTUpgrade",
            "label": "swETHSymbolOld",
            "type": "t_string_storage",
            "src": "contracts/latest-tag/swNFTUpgrade.sol:57"
          },
          {
            "contract": "SWNFTUpgrade",
            "label": "swellAddress",
            "type": "t_address",
            "src": "contracts/latest-tag/swNFTUpgrade.sol:58"
          },
          {
            "contract": "SWNFTUpgrade",
            "label": "ETHER",
            "type": "t_uint256",
            "src": "contracts/latest-tag/swNFTUpgrade.sol:59"
          },
          {
            "contract": "SWNFTUpgrade",
            "label": "feePool",
            "type": "t_address",
            "src": "contracts/latest-tag/swNFTUpgrade.sol:60"
          },
          {
            "contract": "SWNFTUpgrade",
            "label": "fee",
            "type": "t_uint256",
            "src": "contracts/latest-tag/swNFTUpgrade.sol:61"
          },
          {
            "contract": "SWNFTUpgrade",
            "label": "depositContract",
            "type": "t_contract(IDepositContract)5175",
            "src": "contracts/latest-tag/swNFTUpgrade.sol:63"
          },
          {
            "contract": "SWNFTUpgrade",
            "label": "validators",
            "type": "t_array(t_bytes_storage)dyn_storage",
            "src": "contracts/latest-tag/swNFTUpgrade.sol:65"
          },
          {
            "contract": "SWNFTUpgrade",
            "label": "validatorDeposits",
            "type": "t_mapping(t_bytes_memory_ptr,t_uint256)",
            "src": "contracts/latest-tag/swNFTUpgrade.sol:66"
          },
          {
            "contract": "SWNFTUpgrade",
            "label": "whiteList",
            "type": "t_mapping(t_bytes_memory_ptr,t_bool)",
            "src": "contracts/latest-tag/swNFTUpgrade.sol:67"
          },
          {
            "contract": "SWNFTUpgrade",
            "label": "positions",
            "type": "t_mapping(t_uint256,t_struct(Position)4051_storage)",
            "src": "contracts/latest-tag/swNFTUpgrade.sol:70"
          },
          {
            "contract": "SWNFTUpgrade",
            "label": "deprecatedStrategies",
            "type": "t_array(t_address)dyn_storage",
            "src": "contracts/latest-tag/swNFTUpgrade.sol:72"
          },
          {
            "contract": "SWNFTUpgrade",
            "label": "opRate",
            "type": "t_mapping(t_bytes_memory_ptr,t_uint256)",
            "src": "contracts/latest-tag/swNFTUpgrade.sol:465"
          },
          {
            "contract": "SWNFTUpgrade",
            "label": "botAddress",
            "type": "t_address",
            "src": "contracts/latest-tag/swNFTUpgrade.sol:466"
          },
          {
            "contract": "SWNFTUpgrade",
            "label": "isValidatorActive",
            "type": "t_mapping(t_bytes_memory_ptr,t_bool)",
            "src": "contracts/latest-tag/swNFTUpgrade.sol:467"
          },
          {
            "contract": "SWNFTUpgrade",
            "label": "strategiesSet",
            "type": "t_struct(AddressSet)3153_storage",
            "src": "contracts/latest-tag/swNFTUpgrade.sol:468"
          },
          {
            "contract": "SWNFTUpgrade",
            "label": "superWhiteList",
            "type": "t_mapping(t_bytes_memory_ptr,t_bool)",
            "src": "contracts/latest-tag/swNFTUpgrade.sol:469"
          }
        ],
        "types": {
          "t_uint256": {
            "label": "uint256"
          },
          "t_struct(Counter)2454_storage": {
            "label": "struct CountersUpgradeable.Counter",
            "members": [
              {
                "label": "_value",
                "type": "t_uint256"
              }
            ]
          },
          "t_address": {
            "label": "address"
          },
          "t_string_storage": {
            "label": "string"
          },
          "t_contract(IDepositContract)5175": {
            "label": "contract IDepositContract"
          },
          "t_array(t_bytes_storage)dyn_storage": {
            "label": "bytes[]"
          },
          "t_bytes_storage": {
            "label": "bytes"
          },
          "t_mapping(t_bytes_memory_ptr,t_uint256)": {
            "label": "mapping(bytes => uint256)"
          },
          "t_mapping(t_bytes_memory_ptr,t_bool)": {
            "label": "mapping(bytes => bool)"
          },
          "t_bool": {
            "label": "bool"
          },
          "t_mapping(t_uint256,t_struct(Position)4051_storage)": {
            "label": "mapping(uint256 => struct ISWNFT.Position)"
          },
          "t_struct(Position)4051_storage": {
            "label": "struct ISWNFT.Position",
            "members": [
              {
                "label": "pubKey",
                "type": "t_bytes_storage"
              },
              {
                "label": "value",
                "type": "t_uint256"
              },
              {
                "label": "baseTokenBalance",
                "type": "t_uint256"
              },
              {
                "label": "timeStamp",
                "type": "t_uint256"
              },
              {
                "label": "operator",
                "type": "t_bool"
              }
            ]
          },
          "t_array(t_address)dyn_storage": {
            "label": "address[]"
          },
          "t_struct(AddressSet)3153_storage": {
            "label": "struct EnumerableSetUpgradeable.AddressSet",
            "members": [
              {
                "label": "_inner",
                "type": "t_struct(Set)2852_storage"
              }
            ]
          },
          "t_struct(Set)2852_storage": {
            "label": "struct EnumerableSetUpgradeable.Set",
            "members": [
              {
                "label": "_values",
                "type": "t_array(t_bytes32)dyn_storage"
              },
              {
                "label": "_indexes",
                "type": "t_mapping(t_bytes32,t_uint256)"
              }
            ]
          },
          "t_array(t_bytes32)dyn_storage": {
            "label": "bytes32[]"
          },
          "t_bytes32": {
            "label": "bytes32"
          },
          "t_mapping(t_bytes32,t_uint256)": {
            "label": "mapping(bytes32 => uint256)"
          },
          "t_array(t_uint256)49_storage": {
            "label": "uint256[49]"
          },
          "t_array(t_uint256)50_storage": {
            "label": "uint256[50]"
          },
          "t_mapping(t_address,t_mapping(t_uint256,t_uint256))": {
            "label": "mapping(address => mapping(uint256 => uint256))"
          },
          "t_mapping(t_uint256,t_uint256)": {
            "label": "mapping(uint256 => uint256)"
          },
          "t_array(t_uint256)dyn_storage": {
            "label": "uint256[]"
          },
          "t_array(t_uint256)46_storage": {
            "label": "uint256[46]"
          },
          "t_mapping(t_uint256,t_address)": {
            "label": "mapping(uint256 => address)"
          },
          "t_mapping(t_address,t_uint256)": {
            "label": "mapping(address => uint256)"
          },
          "t_mapping(t_address,t_mapping(t_address,t_bool))": {
            "label": "mapping(address => mapping(address => bool))"
          },
          "t_mapping(t_address,t_bool)": {
            "label": "mapping(address => bool)"
          },
          "t_array(t_uint256)44_storage": {
            "label": "uint256[44]"
          }
        }
      }
    },
    "b86430c837587fefb48b9630915208f41d27816b895fb661e739be8ccfb8d992": {
      "address": "0x58E21Ec6aa6b9f49A3565797f86241b9bFf7860a",
      "txHash": "0x0603bcb68c1e31590710bb67d3a58362a772ba3263287bd8af7537013904f1d3",
      "layout": {
        "storage": [
          {
            "contract": "Initializable",
            "label": "_initialized",
            "type": "t_uint8",
            "src": "@openzeppelin/contracts-upgradeable/proxy/utils/Initializable.sol:62",
            "retypedFrom": "bool"
          },
          {
            "contract": "Initializable",
            "label": "_initializing",
            "type": "t_bool",
            "src": "@openzeppelin/contracts-upgradeable/proxy/utils/Initializable.sol:67"
          },
          {
            "contract": "ContextUpgradeable",
            "label": "__gap",
            "type": "t_array(t_uint256)50_storage",
            "src": "@openzeppelin/contracts-upgradeable/utils/ContextUpgradeable.sol:36"
          },
          {
            "contract": "ERC165Upgradeable",
            "label": "__gap",
            "type": "t_array(t_uint256)50_storage",
            "src": "@openzeppelin/contracts-upgradeable/utils/introspection/ERC165Upgradeable.sol:41"
          },
          {
            "contract": "ERC721Upgradeable",
            "label": "_name",
            "type": "t_string_storage",
            "src": "@openzeppelin/contracts-upgradeable/token/ERC721/ERC721Upgradeable.sol:25"
          },
          {
            "contract": "ERC721Upgradeable",
            "label": "_symbol",
            "type": "t_string_storage",
            "src": "@openzeppelin/contracts-upgradeable/token/ERC721/ERC721Upgradeable.sol:28"
          },
          {
            "contract": "ERC721Upgradeable",
            "label": "_owners",
            "type": "t_mapping(t_uint256,t_address)",
            "src": "@openzeppelin/contracts-upgradeable/token/ERC721/ERC721Upgradeable.sol:31"
          },
          {
            "contract": "ERC721Upgradeable",
            "label": "_balances",
            "type": "t_mapping(t_address,t_uint256)",
            "src": "@openzeppelin/contracts-upgradeable/token/ERC721/ERC721Upgradeable.sol:34"
          },
          {
            "contract": "ERC721Upgradeable",
            "label": "_tokenApprovals",
            "type": "t_mapping(t_uint256,t_address)",
            "src": "@openzeppelin/contracts-upgradeable/token/ERC721/ERC721Upgradeable.sol:37"
          },
          {
            "contract": "ERC721Upgradeable",
            "label": "_operatorApprovals",
            "type": "t_mapping(t_address,t_mapping(t_address,t_bool))",
            "src": "@openzeppelin/contracts-upgradeable/token/ERC721/ERC721Upgradeable.sol:40"
          },
          {
            "contract": "ERC721Upgradeable",
            "label": "__gap",
            "type": "t_array(t_uint256)44_storage",
            "src": "@openzeppelin/contracts-upgradeable/token/ERC721/ERC721Upgradeable.sol:465"
          },
          {
            "contract": "ERC721EnumerableUpgradeable",
            "label": "_ownedTokens",
            "type": "t_mapping(t_address,t_mapping(t_uint256,t_uint256))",
            "src": "@openzeppelin/contracts-upgradeable/token/ERC721/extensions/ERC721EnumerableUpgradeable.sol:22"
          },
          {
            "contract": "ERC721EnumerableUpgradeable",
            "label": "_ownedTokensIndex",
            "type": "t_mapping(t_uint256,t_uint256)",
            "src": "@openzeppelin/contracts-upgradeable/token/ERC721/extensions/ERC721EnumerableUpgradeable.sol:25"
          },
          {
            "contract": "ERC721EnumerableUpgradeable",
            "label": "_allTokens",
            "type": "t_array(t_uint256)dyn_storage",
            "src": "@openzeppelin/contracts-upgradeable/token/ERC721/extensions/ERC721EnumerableUpgradeable.sol:28"
          },
          {
            "contract": "ERC721EnumerableUpgradeable",
            "label": "_allTokensIndex",
            "type": "t_mapping(t_uint256,t_uint256)",
            "src": "@openzeppelin/contracts-upgradeable/token/ERC721/extensions/ERC721EnumerableUpgradeable.sol:31"
          },
          {
            "contract": "ERC721EnumerableUpgradeable",
            "label": "__gap",
            "type": "t_array(t_uint256)46_storage",
            "src": "@openzeppelin/contracts-upgradeable/token/ERC721/extensions/ERC721EnumerableUpgradeable.sol:175"
          },
          {
            "contract": "ERC1967UpgradeUpgradeable",
            "label": "__gap",
            "type": "t_array(t_uint256)50_storage",
            "src": "@openzeppelin/contracts-upgradeable/proxy/ERC1967/ERC1967UpgradeUpgradeable.sol:211"
          },
          {
            "contract": "UUPSUpgradeable",
            "label": "__gap",
            "type": "t_array(t_uint256)50_storage",
            "src": "@openzeppelin/contracts-upgradeable/proxy/utils/UUPSUpgradeable.sol:107"
          },
          {
            "contract": "OwnableUpgradeable",
            "label": "_owner",
            "type": "t_address",
            "src": "@openzeppelin/contracts-upgradeable/access/OwnableUpgradeable.sol:22"
          },
          {
            "contract": "OwnableUpgradeable",
            "label": "__gap",
            "type": "t_array(t_uint256)49_storage",
            "src": "@openzeppelin/contracts-upgradeable/access/OwnableUpgradeable.sol:94"
          },
          {
            "contract": "SWNFTUpgrade",
            "label": "GWEI",
            "type": "t_uint256",
            "src": "contracts/latest-tag/swNFTUpgrade.sol:45"
          },
          {
            "contract": "SWNFTUpgrade",
            "label": "tokenIds",
            "type": "t_struct(Counter)2540_storage",
            "src": "contracts/latest-tag/swNFTUpgrade.sol:51"
          },
          {
            "contract": "SWNFTUpgrade",
            "label": "swETHAddress",
            "type": "t_address",
            "src": "contracts/latest-tag/swNFTUpgrade.sol:53"
          },
          {
            "contract": "SWNFTUpgrade",
            "label": "swETHSymbolOld",
            "type": "t_string_storage",
            "src": "contracts/latest-tag/swNFTUpgrade.sol:57"
          },
          {
            "contract": "SWNFTUpgrade",
            "label": "swellAddress",
            "type": "t_address",
            "src": "contracts/latest-tag/swNFTUpgrade.sol:58"
          },
          {
            "contract": "SWNFTUpgrade",
            "label": "ETHER",
            "type": "t_uint256",
            "src": "contracts/latest-tag/swNFTUpgrade.sol:59"
          },
          {
            "contract": "SWNFTUpgrade",
            "label": "feePool",
            "type": "t_address",
            "src": "contracts/latest-tag/swNFTUpgrade.sol:60"
          },
          {
            "contract": "SWNFTUpgrade",
            "label": "fee",
            "type": "t_uint256",
            "src": "contracts/latest-tag/swNFTUpgrade.sol:61"
          },
          {
            "contract": "SWNFTUpgrade",
            "label": "depositContract",
            "type": "t_contract(IDepositContract)5307",
            "src": "contracts/latest-tag/swNFTUpgrade.sol:63"
          },
          {
            "contract": "SWNFTUpgrade",
            "label": "validators",
            "type": "t_array(t_bytes_storage)dyn_storage",
            "src": "contracts/latest-tag/swNFTUpgrade.sol:65"
          },
          {
            "contract": "SWNFTUpgrade",
            "label": "validatorDeposits",
            "type": "t_mapping(t_bytes_memory_ptr,t_uint256)",
            "src": "contracts/latest-tag/swNFTUpgrade.sol:66"
          },
          {
            "contract": "SWNFTUpgrade",
            "label": "whiteList",
            "type": "t_mapping(t_bytes_memory_ptr,t_bool)",
            "src": "contracts/latest-tag/swNFTUpgrade.sol:67"
          },
          {
            "contract": "SWNFTUpgrade",
            "label": "positions",
            "type": "t_mapping(t_uint256,t_struct(Position)4183_storage)",
            "src": "contracts/latest-tag/swNFTUpgrade.sol:70"
          },
          {
            "contract": "SWNFTUpgrade",
            "label": "deprecatedStrategies",
            "type": "t_array(t_address)dyn_storage",
            "src": "contracts/latest-tag/swNFTUpgrade.sol:72"
          },
          {
            "contract": "SWNFTUpgrade",
            "label": "opRate",
            "type": "t_mapping(t_bytes_memory_ptr,t_uint256)",
            "src": "contracts/latest-tag/swNFTUpgrade.sol:465"
          },
          {
            "contract": "SWNFTUpgrade",
            "label": "botAddress",
            "type": "t_address",
            "src": "contracts/latest-tag/swNFTUpgrade.sol:466"
          },
          {
            "contract": "SWNFTUpgrade",
            "label": "isValidatorActive",
            "type": "t_mapping(t_bytes_memory_ptr,t_bool)",
            "src": "contracts/latest-tag/swNFTUpgrade.sol:467"
          },
          {
            "contract": "SWNFTUpgrade",
            "label": "strategiesSet",
            "type": "t_struct(AddressSet)3262_storage",
            "src": "contracts/latest-tag/swNFTUpgrade.sol:468"
          },
          {
            "contract": "SWNFTUpgrade",
            "label": "superWhiteList",
            "type": "t_mapping(t_bytes_memory_ptr,t_bool)",
            "src": "contracts/latest-tag/swNFTUpgrade.sol:469"
          }
        ],
        "types": {
          "t_uint256": {
            "label": "uint256"
          },
          "t_struct(Counter)2540_storage": {
            "label": "struct CountersUpgradeable.Counter",
            "members": [
              {
                "label": "_value",
                "type": "t_uint256"
              }
            ]
          },
          "t_address": {
            "label": "address"
          },
          "t_string_storage": {
            "label": "string"
          },
          "t_contract(IDepositContract)5307": {
            "label": "contract IDepositContract"
          },
          "t_array(t_bytes_storage)dyn_storage": {
            "label": "bytes[]"
          },
          "t_bytes_storage": {
            "label": "bytes"
          },
          "t_mapping(t_bytes_memory_ptr,t_uint256)": {
            "label": "mapping(bytes => uint256)"
          },
          "t_mapping(t_bytes_memory_ptr,t_bool)": {
            "label": "mapping(bytes => bool)"
          },
          "t_bool": {
            "label": "bool"
          },
          "t_mapping(t_uint256,t_struct(Position)4183_storage)": {
            "label": "mapping(uint256 => struct ISWNFT.Position)"
          },
          "t_struct(Position)4183_storage": {
            "label": "struct ISWNFT.Position",
            "members": [
              {
                "label": "pubKey",
                "type": "t_bytes_storage"
              },
              {
                "label": "value",
                "type": "t_uint256"
              },
              {
                "label": "baseTokenBalance",
                "type": "t_uint256"
              },
              {
                "label": "timeStamp",
                "type": "t_uint256"
              },
              {
                "label": "operator",
                "type": "t_bool"
              }
            ]
          },
          "t_array(t_address)dyn_storage": {
            "label": "address[]"
          },
          "t_struct(AddressSet)3262_storage": {
            "label": "struct EnumerableSetUpgradeable.AddressSet",
            "members": [
              {
                "label": "_inner",
                "type": "t_struct(Set)2961_storage"
              }
            ]
          },
          "t_struct(Set)2961_storage": {
            "label": "struct EnumerableSetUpgradeable.Set",
            "members": [
              {
                "label": "_values",
                "type": "t_array(t_bytes32)dyn_storage"
              },
              {
                "label": "_indexes",
                "type": "t_mapping(t_bytes32,t_uint256)"
              }
            ]
          },
          "t_array(t_bytes32)dyn_storage": {
            "label": "bytes32[]"
          },
          "t_bytes32": {
            "label": "bytes32"
          },
          "t_mapping(t_bytes32,t_uint256)": {
            "label": "mapping(bytes32 => uint256)"
          },
          "t_array(t_uint256)49_storage": {
            "label": "uint256[49]"
          },
          "t_array(t_uint256)50_storage": {
            "label": "uint256[50]"
          },
          "t_mapping(t_address,t_mapping(t_uint256,t_uint256))": {
            "label": "mapping(address => mapping(uint256 => uint256))"
          },
          "t_mapping(t_uint256,t_uint256)": {
            "label": "mapping(uint256 => uint256)"
          },
          "t_array(t_uint256)dyn_storage": {
            "label": "uint256[]"
          },
          "t_array(t_uint256)46_storage": {
            "label": "uint256[46]"
          },
          "t_mapping(t_uint256,t_address)": {
            "label": "mapping(uint256 => address)"
          },
          "t_mapping(t_address,t_uint256)": {
            "label": "mapping(address => uint256)"
          },
          "t_mapping(t_address,t_mapping(t_address,t_bool))": {
            "label": "mapping(address => mapping(address => bool))"
          },
          "t_mapping(t_address,t_bool)": {
            "label": "mapping(address => bool)"
          },
          "t_array(t_uint256)44_storage": {
            "label": "uint256[44]"
          },
          "t_uint8": {
            "label": "uint8"
          }
        }
      }
    },
    "e4459a2185a85557f4cfe9d64b67f47d0775bfd1beea7fa70ead18f080fe835f": {
      "address": "0xf75721F2FF49a04253F2573985DC89eB21464CDF",
      "txHash": "0xc2d38b564060b3f64c1c645bbb0d4fab7e39a525b96f212cf98ff83b30ecdbf8",
      "layout": {
        "storage": [
          {
            "contract": "Initializable",
            "label": "_initialized",
            "type": "t_uint8",
            "src": "@openzeppelin/contracts-upgradeable/proxy/utils/Initializable.sol:62",
            "retypedFrom": "bool"
          },
          {
            "contract": "Initializable",
            "label": "_initializing",
            "type": "t_bool",
            "src": "@openzeppelin/contracts-upgradeable/proxy/utils/Initializable.sol:67"
          },
          {
            "contract": "ContextUpgradeable",
            "label": "__gap",
            "type": "t_array(t_uint256)50_storage",
            "src": "@openzeppelin/contracts-upgradeable/utils/ContextUpgradeable.sol:36"
          },
          {
            "contract": "ERC165Upgradeable",
            "label": "__gap",
            "type": "t_array(t_uint256)50_storage",
            "src": "@openzeppelin/contracts-upgradeable/utils/introspection/ERC165Upgradeable.sol:41"
          },
          {
            "contract": "ERC721Upgradeable",
            "label": "_name",
            "type": "t_string_storage",
            "src": "@openzeppelin/contracts-upgradeable/token/ERC721/ERC721Upgradeable.sol:25"
          },
          {
            "contract": "ERC721Upgradeable",
            "label": "_symbol",
            "type": "t_string_storage",
            "src": "@openzeppelin/contracts-upgradeable/token/ERC721/ERC721Upgradeable.sol:28"
          },
          {
            "contract": "ERC721Upgradeable",
            "label": "_owners",
            "type": "t_mapping(t_uint256,t_address)",
            "src": "@openzeppelin/contracts-upgradeable/token/ERC721/ERC721Upgradeable.sol:31"
          },
          {
            "contract": "ERC721Upgradeable",
            "label": "_balances",
            "type": "t_mapping(t_address,t_uint256)",
            "src": "@openzeppelin/contracts-upgradeable/token/ERC721/ERC721Upgradeable.sol:34"
          },
          {
            "contract": "ERC721Upgradeable",
            "label": "_tokenApprovals",
            "type": "t_mapping(t_uint256,t_address)",
            "src": "@openzeppelin/contracts-upgradeable/token/ERC721/ERC721Upgradeable.sol:37"
          },
          {
            "contract": "ERC721Upgradeable",
            "label": "_operatorApprovals",
            "type": "t_mapping(t_address,t_mapping(t_address,t_bool))",
            "src": "@openzeppelin/contracts-upgradeable/token/ERC721/ERC721Upgradeable.sol:40"
          },
          {
            "contract": "ERC721Upgradeable",
            "label": "__gap",
            "type": "t_array(t_uint256)44_storage",
            "src": "@openzeppelin/contracts-upgradeable/token/ERC721/ERC721Upgradeable.sol:465"
          },
          {
            "contract": "ERC721EnumerableUpgradeable",
            "label": "_ownedTokens",
            "type": "t_mapping(t_address,t_mapping(t_uint256,t_uint256))",
            "src": "@openzeppelin/contracts-upgradeable/token/ERC721/extensions/ERC721EnumerableUpgradeable.sol:22"
          },
          {
            "contract": "ERC721EnumerableUpgradeable",
            "label": "_ownedTokensIndex",
            "type": "t_mapping(t_uint256,t_uint256)",
            "src": "@openzeppelin/contracts-upgradeable/token/ERC721/extensions/ERC721EnumerableUpgradeable.sol:25"
          },
          {
            "contract": "ERC721EnumerableUpgradeable",
            "label": "_allTokens",
            "type": "t_array(t_uint256)dyn_storage",
            "src": "@openzeppelin/contracts-upgradeable/token/ERC721/extensions/ERC721EnumerableUpgradeable.sol:28"
          },
          {
            "contract": "ERC721EnumerableUpgradeable",
            "label": "_allTokensIndex",
            "type": "t_mapping(t_uint256,t_uint256)",
            "src": "@openzeppelin/contracts-upgradeable/token/ERC721/extensions/ERC721EnumerableUpgradeable.sol:31"
          },
          {
            "contract": "ERC721EnumerableUpgradeable",
            "label": "__gap",
            "type": "t_array(t_uint256)46_storage",
            "src": "@openzeppelin/contracts-upgradeable/token/ERC721/extensions/ERC721EnumerableUpgradeable.sol:175"
          },
          {
            "contract": "ERC1967UpgradeUpgradeable",
            "label": "__gap",
            "type": "t_array(t_uint256)50_storage",
            "src": "@openzeppelin/contracts-upgradeable/proxy/ERC1967/ERC1967UpgradeUpgradeable.sol:211"
          },
          {
            "contract": "UUPSUpgradeable",
            "label": "__gap",
            "type": "t_array(t_uint256)50_storage",
            "src": "@openzeppelin/contracts-upgradeable/proxy/utils/UUPSUpgradeable.sol:107"
          },
          {
            "contract": "OwnableUpgradeable",
            "label": "_owner",
            "type": "t_address",
            "src": "@openzeppelin/contracts-upgradeable/access/OwnableUpgradeable.sol:22"
          },
          {
            "contract": "OwnableUpgradeable",
            "label": "__gap",
            "type": "t_array(t_uint256)49_storage",
            "src": "@openzeppelin/contracts-upgradeable/access/OwnableUpgradeable.sol:94"
          },
          {
            "contract": "SWNFTUpgrade",
            "label": "GWEI",
            "type": "t_uint256",
            "src": "contracts/swNFTUpgrade.sol:45"
          },
          {
            "contract": "SWNFTUpgrade",
            "label": "tokenIds",
            "type": "t_struct(Counter)2540_storage",
            "src": "contracts/swNFTUpgrade.sol:51"
          },
          {
            "contract": "SWNFTUpgrade",
            "label": "swETHAddress",
            "type": "t_address",
            "src": "contracts/swNFTUpgrade.sol:53"
          },
          {
            "contract": "SWNFTUpgrade",
            "label": "swETHSymbolOld",
            "type": "t_string_storage",
            "src": "contracts/swNFTUpgrade.sol:57"
          },
          {
            "contract": "SWNFTUpgrade",
            "label": "swellAddress",
            "type": "t_address",
            "src": "contracts/swNFTUpgrade.sol:58"
          },
          {
            "contract": "SWNFTUpgrade",
            "label": "ETHER",
            "type": "t_uint256",
            "src": "contracts/swNFTUpgrade.sol:59"
          },
          {
            "contract": "SWNFTUpgrade",
            "label": "feePool",
            "type": "t_address",
            "src": "contracts/swNFTUpgrade.sol:60"
          },
          {
            "contract": "SWNFTUpgrade",
            "label": "fee",
            "type": "t_uint256",
            "src": "contracts/swNFTUpgrade.sol:61"
          },
          {
            "contract": "SWNFTUpgrade",
            "label": "depositContract",
            "type": "t_contract(IDepositContract)5320",
            "src": "contracts/swNFTUpgrade.sol:63"
          },
          {
            "contract": "SWNFTUpgrade",
            "label": "validators",
            "type": "t_array(t_bytes_storage)dyn_storage",
            "src": "contracts/swNFTUpgrade.sol:65"
          },
          {
            "contract": "SWNFTUpgrade",
            "label": "validatorDeposits",
            "type": "t_mapping(t_bytes_memory_ptr,t_uint256)",
            "src": "contracts/swNFTUpgrade.sol:66"
          },
          {
            "contract": "SWNFTUpgrade",
            "label": "whiteList",
            "type": "t_mapping(t_bytes_memory_ptr,t_bool)",
            "src": "contracts/swNFTUpgrade.sol:67"
          },
          {
            "contract": "SWNFTUpgrade",
            "label": "positions",
            "type": "t_mapping(t_uint256,t_struct(Position)4195_storage)",
            "src": "contracts/swNFTUpgrade.sol:70"
          },
          {
            "contract": "SWNFTUpgrade",
            "label": "deprecatedStrategies",
            "type": "t_array(t_address)dyn_storage",
            "src": "contracts/swNFTUpgrade.sol:72"
          },
          {
            "contract": "SWNFTUpgrade",
            "label": "opRate",
            "type": "t_mapping(t_bytes_memory_ptr,t_uint256)",
            "src": "contracts/swNFTUpgrade.sol:543"
          },
          {
            "contract": "SWNFTUpgrade",
            "label": "botAddress",
            "type": "t_address",
            "src": "contracts/swNFTUpgrade.sol:544"
          },
          {
            "contract": "SWNFTUpgrade",
            "label": "isValidatorActive",
            "type": "t_mapping(t_bytes_memory_ptr,t_bool)",
            "src": "contracts/swNFTUpgrade.sol:545"
          },
          {
            "contract": "SWNFTUpgrade",
            "label": "strategiesSet",
            "type": "t_struct(AddressSet)3262_storage",
            "src": "contracts/swNFTUpgrade.sol:546"
          },
          {
            "contract": "SWNFTUpgrade",
            "label": "superWhiteList",
            "type": "t_mapping(t_bytes_memory_ptr,t_bool)",
            "src": "contracts/swNFTUpgrade.sol:547"
          }
        ],
        "types": {
          "t_uint256": {
            "label": "uint256"
          },
          "t_struct(Counter)2540_storage": {
            "label": "struct CountersUpgradeable.Counter",
            "members": [
              {
                "label": "_value",
                "type": "t_uint256"
              }
            ]
          },
          "t_address": {
            "label": "address"
          },
          "t_string_storage": {
            "label": "string"
          },
          "t_contract(IDepositContract)5320": {
            "label": "contract IDepositContract"
          },
          "t_array(t_bytes_storage)dyn_storage": {
            "label": "bytes[]"
          },
          "t_bytes_storage": {
            "label": "bytes"
          },
          "t_mapping(t_bytes_memory_ptr,t_uint256)": {
            "label": "mapping(bytes => uint256)"
          },
          "t_mapping(t_bytes_memory_ptr,t_bool)": {
            "label": "mapping(bytes => bool)"
          },
          "t_bool": {
            "label": "bool"
          },
          "t_mapping(t_uint256,t_struct(Position)4195_storage)": {
            "label": "mapping(uint256 => struct ISWNFT.Position)"
          },
          "t_struct(Position)4195_storage": {
            "label": "struct ISWNFT.Position",
            "members": [
              {
                "label": "pubKey",
                "type": "t_bytes_storage"
              },
              {
                "label": "value",
                "type": "t_uint256"
              },
              {
                "label": "baseTokenBalance",
                "type": "t_uint256"
              },
              {
                "label": "timeStamp",
                "type": "t_uint256"
              },
              {
                "label": "operator",
                "type": "t_bool"
              }
            ]
          },
          "t_array(t_address)dyn_storage": {
            "label": "address[]"
          },
          "t_struct(AddressSet)3262_storage": {
            "label": "struct EnumerableSetUpgradeable.AddressSet",
            "members": [
              {
                "label": "_inner",
                "type": "t_struct(Set)2961_storage"
              }
            ]
          },
          "t_struct(Set)2961_storage": {
            "label": "struct EnumerableSetUpgradeable.Set",
            "members": [
              {
                "label": "_values",
                "type": "t_array(t_bytes32)dyn_storage"
              },
              {
                "label": "_indexes",
                "type": "t_mapping(t_bytes32,t_uint256)"
              }
            ]
          },
          "t_array(t_bytes32)dyn_storage": {
            "label": "bytes32[]"
          },
          "t_bytes32": {
            "label": "bytes32"
          },
          "t_mapping(t_bytes32,t_uint256)": {
            "label": "mapping(bytes32 => uint256)"
          },
          "t_array(t_uint256)49_storage": {
            "label": "uint256[49]"
          },
          "t_array(t_uint256)50_storage": {
            "label": "uint256[50]"
          },
          "t_mapping(t_address,t_mapping(t_uint256,t_uint256))": {
            "label": "mapping(address => mapping(uint256 => uint256))"
          },
          "t_mapping(t_uint256,t_uint256)": {
            "label": "mapping(uint256 => uint256)"
          },
          "t_array(t_uint256)dyn_storage": {
            "label": "uint256[]"
          },
          "t_array(t_uint256)46_storage": {
            "label": "uint256[46]"
          },
          "t_mapping(t_uint256,t_address)": {
            "label": "mapping(uint256 => address)"
          },
          "t_mapping(t_address,t_uint256)": {
            "label": "mapping(address => uint256)"
          },
          "t_mapping(t_address,t_mapping(t_address,t_bool))": {
            "label": "mapping(address => mapping(address => bool))"
          },
          "t_mapping(t_address,t_bool)": {
            "label": "mapping(address => bool)"
          },
          "t_array(t_uint256)44_storage": {
            "label": "uint256[44]"
          },
          "t_uint8": {
            "label": "uint8"
          }
        }
      }
    }
  }
}
