{
  "manifestVersion": "3.2",
  "proxies": [
    {
      "address": "0x1465472f57192ae398B4dcFa9946D3B3eBB6e45e",
      "txHash": "0x78afb4b37a32b4e61797416c92ab25b88b147ea8546b3d1934e2d30d6fd2bd56",
      "kind": "uups"
    },
    {
      "address": "0x0Be0fE93885bDc2C8459f04EdC0Df2e285b8d6DB",
      "txHash": "0x745aedfe7ff9b7c5c71890081e7a89f7cab70cecdd7aad55b4976594bff3468a",
      "kind": "uups"
    },
    {
      "address": "0xd30998FbF6A969DE84a18392763016be7643A5d2",
      "txHash": "0x5e3583d659d1285b626aff98f38dd6ea01dc245f486b8b4ab1bf325793ad7f2c",
      "kind": "uups"
    }
  ],
  "impls": {
    "71f20b17a6093dc183e962098521f2f083f4b9da7c2fdebc6f5d9951346ce625": {
      "address": "0x1d2C3fCa66da415A2a9E1a37B139E8596667080E",
      "txHash": "0x59a390f414975c785018d9e11979c7cb77d839f5b8cff6e6ea018f534852a9e8",
      "layout": {
        "storage": [
          {
            "contract": "Initializable",
            "label": "_initialized",
            "type": "t_bool",
            "src": "@openzeppelin/contracts-upgradeable/proxy/utils/Initializable.sol:39"
          },
          {
            "contract": "Initializable",
            "label": "_initializing",
            "type": "t_bool",
            "src": "@openzeppelin/contracts-upgradeable/proxy/utils/Initializable.sol:44"
          },
          {
            "contract": "ContextUpgradeable",
            "label": "__gap",
            "type": "t_array(t_uint256)50_storage",
            "src": "@openzeppelin/contracts-upgradeable/utils/ContextUpgradeable.sol:36"
          },
          {
            "contract": "ERC165Upgradeable",
            "label": "__gap",
            "type": "t_array(t_uint256)50_storage",
            "src": "@openzeppelin/contracts-upgradeable/utils/introspection/ERC165Upgradeable.sol:41"
          },
          {
            "contract": "ERC721Upgradeable",
            "label": "_name",
            "type": "t_string_storage",
            "src": "@openzeppelin/contracts-upgradeable/token/ERC721/ERC721Upgradeable.sol:25"
          },
          {
            "contract": "ERC721Upgradeable",
            "label": "_symbol",
            "type": "t_string_storage",
            "src": "@openzeppelin/contracts-upgradeable/token/ERC721/ERC721Upgradeable.sol:28"
          },
          {
            "contract": "ERC721Upgradeable",
            "label": "_owners",
            "type": "t_mapping(t_uint256,t_address)",
            "src": "@openzeppelin/contracts-upgradeable/token/ERC721/ERC721Upgradeable.sol:31"
          },
          {
            "contract": "ERC721Upgradeable",
            "label": "_balances",
            "type": "t_mapping(t_address,t_uint256)",
            "src": "@openzeppelin/contracts-upgradeable/token/ERC721/ERC721Upgradeable.sol:34"
          },
          {
            "contract": "ERC721Upgradeable",
            "label": "_tokenApprovals",
            "type": "t_mapping(t_uint256,t_address)",
            "src": "@openzeppelin/contracts-upgradeable/token/ERC721/ERC721Upgradeable.sol:37"
          },
          {
            "contract": "ERC721Upgradeable",
            "label": "_operatorApprovals",
            "type": "t_mapping(t_address,t_mapping(t_address,t_bool))",
            "src": "@openzeppelin/contracts-upgradeable/token/ERC721/ERC721Upgradeable.sol:40"
          },
          {
            "contract": "ERC721Upgradeable",
            "label": "__gap",
            "type": "t_array(t_uint256)44_storage",
            "src": "@openzeppelin/contracts-upgradeable/token/ERC721/ERC721Upgradeable.sol:458"
          },
          {
            "contract": "ERC721EnumerableUpgradeable",
            "label": "_ownedTokens",
            "type": "t_mapping(t_address,t_mapping(t_uint256,t_uint256))",
            "src": "@openzeppelin/contracts-upgradeable/token/ERC721/extensions/ERC721EnumerableUpgradeable.sol:22"
          },
          {
            "contract": "ERC721EnumerableUpgradeable",
            "label": "_ownedTokensIndex",
            "type": "t_mapping(t_uint256,t_uint256)",
            "src": "@openzeppelin/contracts-upgradeable/token/ERC721/extensions/ERC721EnumerableUpgradeable.sol:25"
          },
          {
            "contract": "ERC721EnumerableUpgradeable",
            "label": "_allTokens",
            "type": "t_array(t_uint256)dyn_storage",
            "src": "@openzeppelin/contracts-upgradeable/token/ERC721/extensions/ERC721EnumerableUpgradeable.sol:28"
          },
          {
            "contract": "ERC721EnumerableUpgradeable",
            "label": "_allTokensIndex",
            "type": "t_mapping(t_uint256,t_uint256)",
            "src": "@openzeppelin/contracts-upgradeable/token/ERC721/extensions/ERC721EnumerableUpgradeable.sol:31"
          },
          {
            "contract": "ERC721EnumerableUpgradeable",
            "label": "__gap",
            "type": "t_array(t_uint256)46_storage",
            "src": "@openzeppelin/contracts-upgradeable/token/ERC721/extensions/ERC721EnumerableUpgradeable.sol:175"
          },
          {
            "contract": "ERC1967UpgradeUpgradeable",
            "label": "__gap",
            "type": "t_array(t_uint256)50_storage",
            "src": "@openzeppelin/contracts-upgradeable/proxy/ERC1967/ERC1967UpgradeUpgradeable.sol:211"
          },
          {
            "contract": "UUPSUpgradeable",
            "label": "__gap",
            "type": "t_array(t_uint256)50_storage",
            "src": "@openzeppelin/contracts-upgradeable/proxy/utils/UUPSUpgradeable.sol:107"
          },
          {
            "contract": "OwnableUpgradeable",
            "label": "_owner",
            "type": "t_address",
            "src": "@openzeppelin/contracts-upgradeable/access/OwnableUpgradeable.sol:22"
          },
          {
            "contract": "OwnableUpgradeable",
            "label": "__gap",
            "type": "t_array(t_uint256)49_storage",
            "src": "@openzeppelin/contracts-upgradeable/access/OwnableUpgradeable.sol:87"
          },
          {
            "contract": "SWNFTUpgrade",
            "label": "GWEI",
            "type": "t_uint256",
            "src": "contracts/swNFTUpgrade.sol:45"
          },
          {
            "contract": "SWNFTUpgrade",
            "label": "tokenIds",
            "type": "t_struct(Counter)2454_storage",
            "src": "contracts/swNFTUpgrade.sol:50"
          },
          {
            "contract": "SWNFTUpgrade",
            "label": "swETHAddress",
            "type": "t_address",
            "src": "contracts/swNFTUpgrade.sol:52"
          },
          {
            "contract": "SWNFTUpgrade",
            "label": "swETHSymbol",
            "type": "t_string_storage",
            "src": "contracts/swNFTUpgrade.sol:53"
          },
          {
            "contract": "SWNFTUpgrade",
            "label": "swellAddress",
            "type": "t_address",
            "src": "contracts/swNFTUpgrade.sol:54"
          },
          {
            "contract": "SWNFTUpgrade",
            "label": "ETHER",
            "type": "t_uint256",
            "src": "contracts/swNFTUpgrade.sol:55"
          },
          {
            "contract": "SWNFTUpgrade",
            "label": "feePool",
            "type": "t_address",
            "src": "contracts/swNFTUpgrade.sol:56"
          },
          {
            "contract": "SWNFTUpgrade",
            "label": "fee",
            "type": "t_uint256",
            "src": "contracts/swNFTUpgrade.sol:57"
          },
          {
            "contract": "SWNFTUpgrade",
            "label": "depositContract",
            "type": "t_contract(IDepositContract)5574",
            "src": "contracts/swNFTUpgrade.sol:59"
          },
          {
            "contract": "SWNFTUpgrade",
            "label": "validators",
            "type": "t_array(t_bytes_storage)dyn_storage",
            "src": "contracts/swNFTUpgrade.sol:61"
          },
          {
            "contract": "SWNFTUpgrade",
            "label": "validatorDeposits",
            "type": "t_mapping(t_bytes_memory_ptr,t_uint256)",
            "src": "contracts/swNFTUpgrade.sol:62"
          },
          {
            "contract": "SWNFTUpgrade",
            "label": "whiteList",
            "type": "t_mapping(t_bytes_memory_ptr,t_bool)",
            "src": "contracts/swNFTUpgrade.sol:63"
          },
          {
            "contract": "SWNFTUpgrade",
            "label": "positions",
            "type": "t_mapping(t_uint256,t_struct(Position)4351_storage)",
            "src": "contracts/swNFTUpgrade.sol:66"
          },
          {
            "contract": "SWNFTUpgrade",
            "label": "strategies",
            "type": "t_array(t_address)dyn_storage",
            "src": "contracts/swNFTUpgrade.sol:68"
          },
          {
            "contract": "SWNFTUpgrade",
            "label": "__gap",
            "type": "t_array(t_uint256)49_storage",
            "src": "contracts/swNFTUpgrade.sol:370"
          }
        ],
        "types": {
          "t_uint256": {
            "label": "uint256"
          },
          "t_struct(Counter)2454_storage": {
            "label": "struct CountersUpgradeable.Counter",
            "members": [
              {
                "label": "_value",
                "type": "t_uint256"
              }
            ]
          },
          "t_address": {
            "label": "address"
          },
          "t_string_storage": {
            "label": "string"
          },
          "t_contract(IDepositContract)5574": {
            "label": "contract IDepositContract"
          },
          "t_array(t_bytes_storage)dyn_storage": {
            "label": "bytes[]"
          },
          "t_bytes_storage": {
            "label": "bytes"
          },
          "t_mapping(t_bytes_memory_ptr,t_uint256)": {
            "label": "mapping(bytes => uint256)"
          },
          "t_mapping(t_bytes_memory_ptr,t_bool)": {
            "label": "mapping(bytes => bool)"
          },
          "t_bool": {
            "label": "bool"
          },
          "t_mapping(t_uint256,t_struct(Position)4351_storage)": {
            "label": "mapping(uint256 => struct ISWNFT.Position)"
          },
          "t_struct(Position)4351_storage": {
            "label": "struct ISWNFT.Position",
            "members": [
              {
                "label": "pubKey",
                "type": "t_bytes_storage"
              },
              {
                "label": "value",
                "type": "t_uint256"
              },
              {
                "label": "baseTokenBalance",
                "type": "t_uint256"
              },
              {
                "label": "timeStamp",
                "type": "t_uint256"
              }
            ]
          },
          "t_array(t_address)dyn_storage": {
            "label": "address[]"
          },
          "t_array(t_uint256)50_storage": {
            "label": "uint256[50]"
          },
          "t_array(t_uint256)49_storage": {
            "label": "uint256[49]"
          },
          "t_mapping(t_address,t_mapping(t_uint256,t_uint256))": {
            "label": "mapping(address => mapping(uint256 => uint256))"
          },
          "t_mapping(t_uint256,t_uint256)": {
            "label": "mapping(uint256 => uint256)"
          },
          "t_array(t_uint256)dyn_storage": {
            "label": "uint256[]"
          },
          "t_array(t_uint256)46_storage": {
            "label": "uint256[46]"
          },
          "t_mapping(t_uint256,t_address)": {
            "label": "mapping(uint256 => address)"
          },
          "t_mapping(t_address,t_uint256)": {
            "label": "mapping(address => uint256)"
          },
          "t_mapping(t_address,t_mapping(t_address,t_bool))": {
            "label": "mapping(address => mapping(address => bool))"
          },
          "t_mapping(t_address,t_bool)": {
            "label": "mapping(address => bool)"
          },
          "t_array(t_uint256)44_storage": {
            "label": "uint256[44]"
          }
        }
      }
    },
    "ef4a19f3985f63be2afce8f3edb9d36be2a302a102eb89a233ab339f5e9120f4": {
      "address": "0xDffa9BA65Eb4345BFF28b8e2F50A241024c9A7Ee",
      "txHash": "0x93baff24d9095864d976dad97c6c084ef55a1dac1bc36f38758c683cb2bfe1fc",
      "layout": {
        "storage": [
          {
            "contract": "Initializable",
            "label": "_initialized",
            "type": "t_bool",
            "src": "@openzeppelin/contracts-upgradeable/proxy/utils/Initializable.sol:39"
          },
          {
            "contract": "Initializable",
            "label": "_initializing",
            "type": "t_bool",
            "src": "@openzeppelin/contracts-upgradeable/proxy/utils/Initializable.sol:44"
          },
          {
            "contract": "ContextUpgradeable",
            "label": "__gap",
            "type": "t_array(t_uint256)50_storage",
            "src": "@openzeppelin/contracts-upgradeable/utils/ContextUpgradeable.sol:36"
          },
          {
            "contract": "ERC165Upgradeable",
            "label": "__gap",
            "type": "t_array(t_uint256)50_storage",
            "src": "@openzeppelin/contracts-upgradeable/utils/introspection/ERC165Upgradeable.sol:41"
          },
          {
            "contract": "ERC721Upgradeable",
            "label": "_name",
            "type": "t_string_storage",
            "src": "@openzeppelin/contracts-upgradeable/token/ERC721/ERC721Upgradeable.sol:25"
          },
          {
            "contract": "ERC721Upgradeable",
            "label": "_symbol",
            "type": "t_string_storage",
            "src": "@openzeppelin/contracts-upgradeable/token/ERC721/ERC721Upgradeable.sol:28"
          },
          {
            "contract": "ERC721Upgradeable",
            "label": "_owners",
            "type": "t_mapping(t_uint256,t_address)",
            "src": "@openzeppelin/contracts-upgradeable/token/ERC721/ERC721Upgradeable.sol:31"
          },
          {
            "contract": "ERC721Upgradeable",
            "label": "_balances",
            "type": "t_mapping(t_address,t_uint256)",
            "src": "@openzeppelin/contracts-upgradeable/token/ERC721/ERC721Upgradeable.sol:34"
          },
          {
            "contract": "ERC721Upgradeable",
            "label": "_tokenApprovals",
            "type": "t_mapping(t_uint256,t_address)",
            "src": "@openzeppelin/contracts-upgradeable/token/ERC721/ERC721Upgradeable.sol:37"
          },
          {
            "contract": "ERC721Upgradeable",
            "label": "_operatorApprovals",
            "type": "t_mapping(t_address,t_mapping(t_address,t_bool))",
            "src": "@openzeppelin/contracts-upgradeable/token/ERC721/ERC721Upgradeable.sol:40"
          },
          {
            "contract": "ERC721Upgradeable",
            "label": "__gap",
            "type": "t_array(t_uint256)44_storage",
            "src": "@openzeppelin/contracts-upgradeable/token/ERC721/ERC721Upgradeable.sol:458"
          },
          {
            "contract": "ERC721EnumerableUpgradeable",
            "label": "_ownedTokens",
            "type": "t_mapping(t_address,t_mapping(t_uint256,t_uint256))",
            "src": "@openzeppelin/contracts-upgradeable/token/ERC721/extensions/ERC721EnumerableUpgradeable.sol:22"
          },
          {
            "contract": "ERC721EnumerableUpgradeable",
            "label": "_ownedTokensIndex",
            "type": "t_mapping(t_uint256,t_uint256)",
            "src": "@openzeppelin/contracts-upgradeable/token/ERC721/extensions/ERC721EnumerableUpgradeable.sol:25"
          },
          {
            "contract": "ERC721EnumerableUpgradeable",
            "label": "_allTokens",
            "type": "t_array(t_uint256)dyn_storage",
            "src": "@openzeppelin/contracts-upgradeable/token/ERC721/extensions/ERC721EnumerableUpgradeable.sol:28"
          },
          {
            "contract": "ERC721EnumerableUpgradeable",
            "label": "_allTokensIndex",
            "type": "t_mapping(t_uint256,t_uint256)",
            "src": "@openzeppelin/contracts-upgradeable/token/ERC721/extensions/ERC721EnumerableUpgradeable.sol:31"
          },
          {
            "contract": "ERC721EnumerableUpgradeable",
            "label": "__gap",
            "type": "t_array(t_uint256)46_storage",
            "src": "@openzeppelin/contracts-upgradeable/token/ERC721/extensions/ERC721EnumerableUpgradeable.sol:175"
          },
          {
            "contract": "ERC1967UpgradeUpgradeable",
            "label": "__gap",
            "type": "t_array(t_uint256)50_storage",
            "src": "@openzeppelin/contracts-upgradeable/proxy/ERC1967/ERC1967UpgradeUpgradeable.sol:211"
          },
          {
            "contract": "UUPSUpgradeable",
            "label": "__gap",
            "type": "t_array(t_uint256)50_storage",
            "src": "@openzeppelin/contracts-upgradeable/proxy/utils/UUPSUpgradeable.sol:107"
          },
          {
            "contract": "OwnableUpgradeable",
            "label": "_owner",
            "type": "t_address",
            "src": "@openzeppelin/contracts-upgradeable/access/OwnableUpgradeable.sol:22"
          },
          {
            "contract": "OwnableUpgradeable",
            "label": "__gap",
            "type": "t_array(t_uint256)49_storage",
            "src": "@openzeppelin/contracts-upgradeable/access/OwnableUpgradeable.sol:87"
          },
          {
            "contract": "SWNFTUpgrade",
            "label": "GWEI",
            "type": "t_uint256",
            "src": "contracts/swNFTUpgrade.sol:45"
          },
          {
            "contract": "SWNFTUpgrade",
            "label": "tokenIds",
            "type": "t_struct(Counter)2454_storage",
            "src": "contracts/swNFTUpgrade.sol:50"
          },
          {
            "contract": "SWNFTUpgrade",
            "label": "swETHAddress",
            "type": "t_address",
            "src": "contracts/swNFTUpgrade.sol:52"
          },
          {
            "contract": "SWNFTUpgrade",
            "label": "swETHSymbol",
            "type": "t_string_storage",
            "src": "contracts/swNFTUpgrade.sol:53"
          },
          {
            "contract": "SWNFTUpgrade",
            "label": "swellAddress",
            "type": "t_address",
            "src": "contracts/swNFTUpgrade.sol:54"
          },
          {
            "contract": "SWNFTUpgrade",
            "label": "ETHER",
            "type": "t_uint256",
            "src": "contracts/swNFTUpgrade.sol:55"
          },
          {
            "contract": "SWNFTUpgrade",
            "label": "feePool",
            "type": "t_address",
            "src": "contracts/swNFTUpgrade.sol:56"
          },
          {
            "contract": "SWNFTUpgrade",
            "label": "fee",
            "type": "t_uint256",
            "src": "contracts/swNFTUpgrade.sol:57"
          },
          {
            "contract": "SWNFTUpgrade",
            "label": "depositContract",
            "type": "t_contract(IDepositContract)5576",
            "src": "contracts/swNFTUpgrade.sol:59"
          },
          {
            "contract": "SWNFTUpgrade",
            "label": "validators",
            "type": "t_array(t_bytes_storage)dyn_storage",
            "src": "contracts/swNFTUpgrade.sol:61"
          },
          {
            "contract": "SWNFTUpgrade",
            "label": "validatorDeposits",
            "type": "t_mapping(t_bytes_memory_ptr,t_uint256)",
            "src": "contracts/swNFTUpgrade.sol:62"
          },
          {
            "contract": "SWNFTUpgrade",
            "label": "whiteList",
            "type": "t_mapping(t_bytes_memory_ptr,t_bool)",
            "src": "contracts/swNFTUpgrade.sol:63"
          },
          {
            "contract": "SWNFTUpgrade",
            "label": "positions",
            "type": "t_mapping(t_uint256,t_struct(Position)4353_storage)",
            "src": "contracts/swNFTUpgrade.sol:66"
          },
          {
            "contract": "SWNFTUpgrade",
            "label": "strategies",
            "type": "t_array(t_address)dyn_storage",
            "src": "contracts/swNFTUpgrade.sol:68"
          },
          {
            "contract": "SWNFTUpgrade",
            "label": "__gap",
            "type": "t_array(t_uint256)49_storage",
            "src": "contracts/swNFTUpgrade.sol:379"
          },
          {
            "contract": "SWNFTUpgrade",
            "label": "opRate",
            "type": "t_mapping(t_bytes_memory_ptr,t_uint256)",
            "src": "contracts/swNFTUpgrade.sol:380"
          }
        ],
        "types": {
          "t_uint256": {
            "label": "uint256"
          },
          "t_struct(Counter)2454_storage": {
            "label": "struct CountersUpgradeable.Counter",
            "members": [
              {
                "label": "_value",
                "type": "t_uint256"
              }
            ]
          },
          "t_address": {
            "label": "address"
          },
          "t_string_storage": {
            "label": "string"
          },
          "t_contract(IDepositContract)5576": {
            "label": "contract IDepositContract"
          },
          "t_array(t_bytes_storage)dyn_storage": {
            "label": "bytes[]"
          },
          "t_bytes_storage": {
            "label": "bytes"
          },
          "t_mapping(t_bytes_memory_ptr,t_uint256)": {
            "label": "mapping(bytes => uint256)"
          },
          "t_mapping(t_bytes_memory_ptr,t_bool)": {
            "label": "mapping(bytes => bool)"
          },
          "t_bool": {
            "label": "bool"
          },
          "t_mapping(t_uint256,t_struct(Position)4353_storage)": {
            "label": "mapping(uint256 => struct ISWNFT.Position)"
          },
          "t_struct(Position)4353_storage": {
            "label": "struct ISWNFT.Position",
            "members": [
              {
                "label": "pubKey",
                "type": "t_bytes_storage"
              },
              {
                "label": "value",
                "type": "t_uint256"
              },
              {
                "label": "baseTokenBalance",
                "type": "t_uint256"
              },
              {
                "label": "timeStamp",
                "type": "t_uint256"
              },
              {
                "label": "operator",
                "type": "t_bool"
              }
            ]
          },
          "t_array(t_address)dyn_storage": {
            "label": "address[]"
          },
          "t_array(t_uint256)49_storage": {
            "label": "uint256[49]"
          },
          "t_mapping(t_address,t_uint256)": {
            "label": "mapping(address => uint256)"
          },
          "t_array(t_uint256)50_storage": {
            "label": "uint256[50]"
          },
          "t_mapping(t_address,t_mapping(t_uint256,t_uint256))": {
            "label": "mapping(address => mapping(uint256 => uint256))"
          },
          "t_mapping(t_uint256,t_uint256)": {
            "label": "mapping(uint256 => uint256)"
          },
          "t_array(t_uint256)dyn_storage": {
            "label": "uint256[]"
          },
          "t_array(t_uint256)46_storage": {
            "label": "uint256[46]"
          },
          "t_mapping(t_uint256,t_address)": {
            "label": "mapping(uint256 => address)"
          },
          "t_mapping(t_address,t_mapping(t_address,t_bool))": {
            "label": "mapping(address => mapping(address => bool))"
          },
          "t_mapping(t_address,t_bool)": {
            "label": "mapping(address => bool)"
          },
          "t_array(t_uint256)44_storage": {
            "label": "uint256[44]"
          }
        }
      }
    },
    "af6916d74c782b60a9fdae5f86fcba68a2f18dcd35d8dc065b1da345a934b496": {
      "address": "0xd6af6EA5C69CE212F924805b96B9D85017441023",
      "txHash": "0x9868bed026ee8ef45742d0f391ec24bf0b58fd9465747c745a33374938c8097c",
      "layout": {
        "storage": [
          {
            "contract": "Initializable",
            "label": "_initialized",
            "type": "t_bool",
            "src": "@openzeppelin/contracts-upgradeable/proxy/utils/Initializable.sol:39"
          },
          {
            "contract": "Initializable",
            "label": "_initializing",
            "type": "t_bool",
            "src": "@openzeppelin/contracts-upgradeable/proxy/utils/Initializable.sol:44"
          },
          {
            "contract": "ContextUpgradeable",
            "label": "__gap",
            "type": "t_array(t_uint256)50_storage",
            "src": "@openzeppelin/contracts-upgradeable/utils/ContextUpgradeable.sol:36"
          },
          {
            "contract": "ERC165Upgradeable",
            "label": "__gap",
            "type": "t_array(t_uint256)50_storage",
            "src": "@openzeppelin/contracts-upgradeable/utils/introspection/ERC165Upgradeable.sol:41"
          },
          {
            "contract": "ERC721Upgradeable",
            "label": "_name",
            "type": "t_string_storage",
            "src": "@openzeppelin/contracts-upgradeable/token/ERC721/ERC721Upgradeable.sol:25"
          },
          {
            "contract": "ERC721Upgradeable",
            "label": "_symbol",
            "type": "t_string_storage",
            "src": "@openzeppelin/contracts-upgradeable/token/ERC721/ERC721Upgradeable.sol:28"
          },
          {
            "contract": "ERC721Upgradeable",
            "label": "_owners",
            "type": "t_mapping(t_uint256,t_address)",
            "src": "@openzeppelin/contracts-upgradeable/token/ERC721/ERC721Upgradeable.sol:31"
          },
          {
            "contract": "ERC721Upgradeable",
            "label": "_balances",
            "type": "t_mapping(t_address,t_uint256)",
            "src": "@openzeppelin/contracts-upgradeable/token/ERC721/ERC721Upgradeable.sol:34"
          },
          {
            "contract": "ERC721Upgradeable",
            "label": "_tokenApprovals",
            "type": "t_mapping(t_uint256,t_address)",
            "src": "@openzeppelin/contracts-upgradeable/token/ERC721/ERC721Upgradeable.sol:37"
          },
          {
            "contract": "ERC721Upgradeable",
            "label": "_operatorApprovals",
            "type": "t_mapping(t_address,t_mapping(t_address,t_bool))",
            "src": "@openzeppelin/contracts-upgradeable/token/ERC721/ERC721Upgradeable.sol:40"
          },
          {
            "contract": "ERC721Upgradeable",
            "label": "__gap",
            "type": "t_array(t_uint256)44_storage",
            "src": "@openzeppelin/contracts-upgradeable/token/ERC721/ERC721Upgradeable.sol:458"
          },
          {
            "contract": "ERC721EnumerableUpgradeable",
            "label": "_ownedTokens",
            "type": "t_mapping(t_address,t_mapping(t_uint256,t_uint256))",
            "src": "@openzeppelin/contracts-upgradeable/token/ERC721/extensions/ERC721EnumerableUpgradeable.sol:22"
          },
          {
            "contract": "ERC721EnumerableUpgradeable",
            "label": "_ownedTokensIndex",
            "type": "t_mapping(t_uint256,t_uint256)",
            "src": "@openzeppelin/contracts-upgradeable/token/ERC721/extensions/ERC721EnumerableUpgradeable.sol:25"
          },
          {
            "contract": "ERC721EnumerableUpgradeable",
            "label": "_allTokens",
            "type": "t_array(t_uint256)dyn_storage",
            "src": "@openzeppelin/contracts-upgradeable/token/ERC721/extensions/ERC721EnumerableUpgradeable.sol:28"
          },
          {
            "contract": "ERC721EnumerableUpgradeable",
            "label": "_allTokensIndex",
            "type": "t_mapping(t_uint256,t_uint256)",
            "src": "@openzeppelin/contracts-upgradeable/token/ERC721/extensions/ERC721EnumerableUpgradeable.sol:31"
          },
          {
            "contract": "ERC721EnumerableUpgradeable",
            "label": "__gap",
            "type": "t_array(t_uint256)46_storage",
            "src": "@openzeppelin/contracts-upgradeable/token/ERC721/extensions/ERC721EnumerableUpgradeable.sol:175"
          },
          {
            "contract": "ERC1967UpgradeUpgradeable",
            "label": "__gap",
            "type": "t_array(t_uint256)50_storage",
            "src": "@openzeppelin/contracts-upgradeable/proxy/ERC1967/ERC1967UpgradeUpgradeable.sol:211"
          },
          {
            "contract": "UUPSUpgradeable",
            "label": "__gap",
            "type": "t_array(t_uint256)50_storage",
            "src": "@openzeppelin/contracts-upgradeable/proxy/utils/UUPSUpgradeable.sol:107"
          },
          {
            "contract": "OwnableUpgradeable",
            "label": "_owner",
            "type": "t_address",
            "src": "@openzeppelin/contracts-upgradeable/access/OwnableUpgradeable.sol:22"
          },
          {
            "contract": "OwnableUpgradeable",
            "label": "__gap",
            "type": "t_array(t_uint256)49_storage",
            "src": "@openzeppelin/contracts-upgradeable/access/OwnableUpgradeable.sol:87"
          },
          {
            "contract": "SWNFTUpgrade",
            "label": "GWEI",
            "type": "t_uint256",
            "src": "contracts/swNFTUpgrade.sol:45"
          },
          {
            "contract": "SWNFTUpgrade",
            "label": "tokenIds",
            "type": "t_struct(Counter)2454_storage",
            "src": "contracts/swNFTUpgrade.sol:50"
          },
          {
            "contract": "SWNFTUpgrade",
            "label": "swETHAddress",
            "type": "t_address",
            "src": "contracts/swNFTUpgrade.sol:52"
          },
          {
            "contract": "SWNFTUpgrade",
            "label": "swETHSymbol",
            "type": "t_string_storage",
            "src": "contracts/swNFTUpgrade.sol:53"
          },
          {
            "contract": "SWNFTUpgrade",
            "label": "swellAddress",
            "type": "t_address",
            "src": "contracts/swNFTUpgrade.sol:54"
          },
          {
            "contract": "SWNFTUpgrade",
            "label": "ETHER",
            "type": "t_uint256",
            "src": "contracts/swNFTUpgrade.sol:55"
          },
          {
            "contract": "SWNFTUpgrade",
            "label": "feePool",
            "type": "t_address",
            "src": "contracts/swNFTUpgrade.sol:56"
          },
          {
            "contract": "SWNFTUpgrade",
            "label": "fee",
            "type": "t_uint256",
            "src": "contracts/swNFTUpgrade.sol:57"
          },
          {
            "contract": "SWNFTUpgrade",
            "label": "depositContract",
            "type": "t_contract(IDepositContract)5576",
            "src": "contracts/swNFTUpgrade.sol:59"
          },
          {
            "contract": "SWNFTUpgrade",
            "label": "validators",
            "type": "t_array(t_bytes_storage)dyn_storage",
            "src": "contracts/swNFTUpgrade.sol:61"
          },
          {
            "contract": "SWNFTUpgrade",
            "label": "validatorDeposits",
            "type": "t_mapping(t_bytes_memory_ptr,t_uint256)",
            "src": "contracts/swNFTUpgrade.sol:62"
          },
          {
            "contract": "SWNFTUpgrade",
            "label": "whiteList",
            "type": "t_mapping(t_bytes_memory_ptr,t_bool)",
            "src": "contracts/swNFTUpgrade.sol:63"
          },
          {
            "contract": "SWNFTUpgrade",
            "label": "positions",
            "type": "t_mapping(t_uint256,t_struct(Position)4353_storage)",
            "src": "contracts/swNFTUpgrade.sol:66"
          },
          {
            "contract": "SWNFTUpgrade",
            "label": "strategies",
            "type": "t_array(t_address)dyn_storage",
            "src": "contracts/swNFTUpgrade.sol:68"
          },
          {
            "contract": "SWNFTUpgrade",
            "label": "__gap",
            "type": "t_array(t_uint256)49_storage",
            "src": "contracts/swNFTUpgrade.sol:379"
          },
          {
            "contract": "SWNFTUpgrade",
            "label": "opRate",
            "type": "t_mapping(t_address,t_uint256)",
            "src": "contracts/swNFTUpgrade.sol:380"
          }
        ],
        "types": {
          "t_uint256": {
            "label": "uint256"
          },
          "t_struct(Counter)2454_storage": {
            "label": "struct CountersUpgradeable.Counter",
            "members": [
              {
                "label": "_value",
                "type": "t_uint256"
              }
            ]
          },
          "t_address": {
            "label": "address"
          },
          "t_string_storage": {
            "label": "string"
          },
          "t_contract(IDepositContract)5576": {
            "label": "contract IDepositContract"
          },
          "t_array(t_bytes_storage)dyn_storage": {
            "label": "bytes[]"
          },
          "t_bytes_storage": {
            "label": "bytes"
          },
          "t_mapping(t_bytes_memory_ptr,t_uint256)": {
            "label": "mapping(bytes => uint256)"
          },
          "t_mapping(t_bytes_memory_ptr,t_bool)": {
            "label": "mapping(bytes => bool)"
          },
          "t_bool": {
            "label": "bool"
          },
          "t_mapping(t_uint256,t_struct(Position)4353_storage)": {
            "label": "mapping(uint256 => struct ISWNFT.Position)"
          },
          "t_struct(Position)4353_storage": {
            "label": "struct ISWNFT.Position",
            "members": [
              {
                "label": "pubKey",
                "type": "t_bytes_storage"
              },
              {
                "label": "value",
                "type": "t_uint256"
              },
              {
                "label": "baseTokenBalance",
                "type": "t_uint256"
              },
              {
                "label": "timeStamp",
                "type": "t_uint256"
              },
              {
                "label": "operator",
                "type": "t_bool"
              }
            ]
          },
          "t_array(t_address)dyn_storage": {
            "label": "address[]"
          },
          "t_array(t_uint256)49_storage": {
            "label": "uint256[49]"
          },
          "t_mapping(t_address,t_uint256)": {
            "label": "mapping(address => uint256)"
          },
          "t_array(t_uint256)50_storage": {
            "label": "uint256[50]"
          },
          "t_mapping(t_address,t_mapping(t_uint256,t_uint256))": {
            "label": "mapping(address => mapping(uint256 => uint256))"
          },
          "t_mapping(t_uint256,t_uint256)": {
            "label": "mapping(uint256 => uint256)"
          },
          "t_array(t_uint256)dyn_storage": {
            "label": "uint256[]"
          },
          "t_array(t_uint256)46_storage": {
            "label": "uint256[46]"
          },
          "t_mapping(t_uint256,t_address)": {
            "label": "mapping(uint256 => address)"
          },
          "t_mapping(t_address,t_mapping(t_address,t_bool))": {
            "label": "mapping(address => mapping(address => bool))"
          },
          "t_mapping(t_address,t_bool)": {
            "label": "mapping(address => bool)"
          },
          "t_array(t_uint256)44_storage": {
            "label": "uint256[44]"
          }
        }
      }
    },
    "fb0ebbf52fecbf7f2eed0feb8ef86950b525f94b8e088e0dc2b01becd77199e0": {
      "address": "0x4882b010Fff778FF0F0B1652B97d6431c595C5b7",
      "txHash": "0xb752619639a514259a114ac1e704cd72ed61ea970394f03f1be0ede0dcbffa8b",
      "layout": {
        "storage": [
          {
            "contract": "Initializable",
            "label": "_initialized",
            "type": "t_bool",
            "src": "@openzeppelin/contracts-upgradeable/proxy/utils/Initializable.sol:39"
          },
          {
            "contract": "Initializable",
            "label": "_initializing",
            "type": "t_bool",
            "src": "@openzeppelin/contracts-upgradeable/proxy/utils/Initializable.sol:44"
          },
          {
            "contract": "ContextUpgradeable",
            "label": "__gap",
            "type": "t_array(t_uint256)50_storage",
            "src": "@openzeppelin/contracts-upgradeable/utils/ContextUpgradeable.sol:36"
          },
          {
            "contract": "ERC165Upgradeable",
            "label": "__gap",
            "type": "t_array(t_uint256)50_storage",
            "src": "@openzeppelin/contracts-upgradeable/utils/introspection/ERC165Upgradeable.sol:41"
          },
          {
            "contract": "ERC721Upgradeable",
            "label": "_name",
            "type": "t_string_storage",
            "src": "@openzeppelin/contracts-upgradeable/token/ERC721/ERC721Upgradeable.sol:25"
          },
          {
            "contract": "ERC721Upgradeable",
            "label": "_symbol",
            "type": "t_string_storage",
            "src": "@openzeppelin/contracts-upgradeable/token/ERC721/ERC721Upgradeable.sol:28"
          },
          {
            "contract": "ERC721Upgradeable",
            "label": "_owners",
            "type": "t_mapping(t_uint256,t_address)",
            "src": "@openzeppelin/contracts-upgradeable/token/ERC721/ERC721Upgradeable.sol:31"
          },
          {
            "contract": "ERC721Upgradeable",
            "label": "_balances",
            "type": "t_mapping(t_address,t_uint256)",
            "src": "@openzeppelin/contracts-upgradeable/token/ERC721/ERC721Upgradeable.sol:34"
          },
          {
            "contract": "ERC721Upgradeable",
            "label": "_tokenApprovals",
            "type": "t_mapping(t_uint256,t_address)",
            "src": "@openzeppelin/contracts-upgradeable/token/ERC721/ERC721Upgradeable.sol:37"
          },
          {
            "contract": "ERC721Upgradeable",
            "label": "_operatorApprovals",
            "type": "t_mapping(t_address,t_mapping(t_address,t_bool))",
            "src": "@openzeppelin/contracts-upgradeable/token/ERC721/ERC721Upgradeable.sol:40"
          },
          {
            "contract": "ERC721Upgradeable",
            "label": "__gap",
            "type": "t_array(t_uint256)44_storage",
            "src": "@openzeppelin/contracts-upgradeable/token/ERC721/ERC721Upgradeable.sol:458"
          },
          {
            "contract": "ERC721EnumerableUpgradeable",
            "label": "_ownedTokens",
            "type": "t_mapping(t_address,t_mapping(t_uint256,t_uint256))",
            "src": "@openzeppelin/contracts-upgradeable/token/ERC721/extensions/ERC721EnumerableUpgradeable.sol:22"
          },
          {
            "contract": "ERC721EnumerableUpgradeable",
            "label": "_ownedTokensIndex",
            "type": "t_mapping(t_uint256,t_uint256)",
            "src": "@openzeppelin/contracts-upgradeable/token/ERC721/extensions/ERC721EnumerableUpgradeable.sol:25"
          },
          {
            "contract": "ERC721EnumerableUpgradeable",
            "label": "_allTokens",
            "type": "t_array(t_uint256)dyn_storage",
            "src": "@openzeppelin/contracts-upgradeable/token/ERC721/extensions/ERC721EnumerableUpgradeable.sol:28"
          },
          {
            "contract": "ERC721EnumerableUpgradeable",
            "label": "_allTokensIndex",
            "type": "t_mapping(t_uint256,t_uint256)",
            "src": "@openzeppelin/contracts-upgradeable/token/ERC721/extensions/ERC721EnumerableUpgradeable.sol:31"
          },
          {
            "contract": "ERC721EnumerableUpgradeable",
            "label": "__gap",
            "type": "t_array(t_uint256)46_storage",
            "src": "@openzeppelin/contracts-upgradeable/token/ERC721/extensions/ERC721EnumerableUpgradeable.sol:175"
          },
          {
            "contract": "ERC1967UpgradeUpgradeable",
            "label": "__gap",
            "type": "t_array(t_uint256)50_storage",
            "src": "@openzeppelin/contracts-upgradeable/proxy/ERC1967/ERC1967UpgradeUpgradeable.sol:211"
          },
          {
            "contract": "UUPSUpgradeable",
            "label": "__gap",
            "type": "t_array(t_uint256)50_storage",
            "src": "@openzeppelin/contracts-upgradeable/proxy/utils/UUPSUpgradeable.sol:107"
          },
          {
            "contract": "OwnableUpgradeable",
            "label": "_owner",
            "type": "t_address",
            "src": "@openzeppelin/contracts-upgradeable/access/OwnableUpgradeable.sol:22"
          },
          {
            "contract": "OwnableUpgradeable",
            "label": "__gap",
            "type": "t_array(t_uint256)49_storage",
            "src": "@openzeppelin/contracts-upgradeable/access/OwnableUpgradeable.sol:87"
          },
          {
            "contract": "SWNFTUpgrade",
            "label": "GWEI",
            "type": "t_uint256",
            "src": "contracts/swNFTUpgrade.sol:45"
          },
          {
            "contract": "SWNFTUpgrade",
            "label": "tokenIds",
            "type": "t_struct(Counter)2454_storage",
            "src": "contracts/swNFTUpgrade.sol:50"
          },
          {
            "contract": "SWNFTUpgrade",
            "label": "swETHAddress",
            "type": "t_address",
            "src": "contracts/swNFTUpgrade.sol:52"
          },
          {
            "contract": "SWNFTUpgrade",
            "label": "swETHSymbolOld",
            "type": "t_string_storage",
            "src": "contracts/swNFTUpgrade.sol:53"
          },
          {
            "contract": "SWNFTUpgrade",
            "label": "swellAddress",
            "type": "t_address",
            "src": "contracts/swNFTUpgrade.sol:54"
          },
          {
            "contract": "SWNFTUpgrade",
            "label": "ETHER",
            "type": "t_uint256",
            "src": "contracts/swNFTUpgrade.sol:55"
          },
          {
            "contract": "SWNFTUpgrade",
            "label": "feePool",
            "type": "t_address",
            "src": "contracts/swNFTUpgrade.sol:56"
          },
          {
            "contract": "SWNFTUpgrade",
            "label": "fee",
            "type": "t_uint256",
            "src": "contracts/swNFTUpgrade.sol:57"
          },
          {
            "contract": "SWNFTUpgrade",
            "label": "depositContract",
            "type": "t_contract(IDepositContract)5576",
            "src": "contracts/swNFTUpgrade.sol:59"
          },
          {
            "contract": "SWNFTUpgrade",
            "label": "validators",
            "type": "t_array(t_bytes_storage)dyn_storage",
            "src": "contracts/swNFTUpgrade.sol:61"
          },
          {
            "contract": "SWNFTUpgrade",
            "label": "validatorDeposits",
            "type": "t_mapping(t_bytes_memory_ptr,t_uint256)",
            "src": "contracts/swNFTUpgrade.sol:62"
          },
          {
            "contract": "SWNFTUpgrade",
            "label": "whiteList",
            "type": "t_mapping(t_bytes_memory_ptr,t_bool)",
            "src": "contracts/swNFTUpgrade.sol:63"
          },
          {
            "contract": "SWNFTUpgrade",
            "label": "positions",
            "type": "t_mapping(t_uint256,t_struct(Position)4353_storage)",
            "src": "contracts/swNFTUpgrade.sol:66"
          },
          {
            "contract": "SWNFTUpgrade",
            "label": "deprecatedStrategies",
            "type": "t_array(t_address)dyn_storage",
            "src": "contracts/swNFTUpgrade.sol:68"
          },
          {
            "contract": "SWNFTUpgrade",
            "label": "opRate",
            "type": "t_mapping(t_address,t_uint256)",
            "src": "contracts/swNFTUpgrade.sol:380"
          }
        ],
        "types": {
          "t_uint256": {
            "label": "uint256"
          },
          "t_struct(Counter)2454_storage": {
            "label": "struct CountersUpgradeable.Counter",
            "members": [
              {
                "label": "_value",
                "type": "t_uint256"
              }
            ]
          },
          "t_address": {
            "label": "address"
          },
          "t_string_storage": {
            "label": "string"
          },
          "t_contract(IDepositContract)5576": {
            "label": "contract IDepositContract"
          },
          "t_array(t_bytes_storage)dyn_storage": {
            "label": "bytes[]"
          },
          "t_bytes_storage": {
            "label": "bytes"
          },
          "t_mapping(t_bytes_memory_ptr,t_uint256)": {
            "label": "mapping(bytes => uint256)"
          },
          "t_mapping(t_bytes_memory_ptr,t_bool)": {
            "label": "mapping(bytes => bool)"
          },
          "t_bool": {
            "label": "bool"
          },
          "t_mapping(t_uint256,t_struct(Position)4353_storage)": {
            "label": "mapping(uint256 => struct ISWNFT.Position)"
          },
          "t_struct(Position)4353_storage": {
            "label": "struct ISWNFT.Position",
            "members": [
              {
                "label": "pubKey",
                "type": "t_bytes_storage"
              },
              {
                "label": "value",
                "type": "t_uint256"
              },
              {
                "label": "baseTokenBalance",
                "type": "t_uint256"
              },
              {
                "label": "timeStamp",
                "type": "t_uint256"
              },
              {
                "label": "operator",
                "type": "t_bool"
              }
            ]
          },
          "t_array(t_address)dyn_storage": {
            "label": "address[]"
          },
          "t_array(t_uint256)49_storage": {
            "label": "uint256[49]"
          },
          "t_mapping(t_address,t_uint256)": {
            "label": "mapping(address => uint256)"
          },
          "t_array(t_uint256)50_storage": {
            "label": "uint256[50]"
          },
          "t_mapping(t_address,t_mapping(t_uint256,t_uint256))": {
            "label": "mapping(address => mapping(uint256 => uint256))"
          },
          "t_mapping(t_uint256,t_uint256)": {
            "label": "mapping(uint256 => uint256)"
          },
          "t_array(t_uint256)dyn_storage": {
            "label": "uint256[]"
          },
          "t_array(t_uint256)46_storage": {
            "label": "uint256[46]"
          },
          "t_mapping(t_uint256,t_address)": {
            "label": "mapping(uint256 => address)"
          },
          "t_mapping(t_address,t_mapping(t_address,t_bool))": {
            "label": "mapping(address => mapping(address => bool))"
          },
          "t_mapping(t_address,t_bool)": {
            "label": "mapping(address => bool)"
          },
          "t_array(t_uint256)44_storage": {
            "label": "uint256[44]"
          }
        }
      }
    },
    "83ef9898d9b99b357c8a1f4ea8edf82108672448068ec85ff9e1d6e14ec0509e": {
      "address": "0x40fC719Dc03c4DC38c08B998b91bf162c02FBD91",
      "txHash": "0xf3622f7472bd384c3928606d94aad82a0d0d03ae3945565cfa18df7f6545e0fd",
      "layout": {
        "storage": [
          {
            "label": "_initialized",
            "offset": 0,
            "slot": "0",
            "type": "t_bool",
            "contract": "Initializable",
            "src": "@openzeppelin/contracts-upgradeable/proxy/utils/Initializable.sol:39"
          },
          {
            "label": "_initializing",
            "offset": 1,
            "slot": "0",
            "type": "t_bool",
            "contract": "Initializable",
            "src": "@openzeppelin/contracts-upgradeable/proxy/utils/Initializable.sol:44"
          },
          {
            "label": "__gap",
            "offset": 0,
            "slot": "1",
            "type": "t_array(t_uint256)50_storage",
            "contract": "ContextUpgradeable",
            "src": "@openzeppelin/contracts-upgradeable/utils/ContextUpgradeable.sol:36"
          },
          {
            "label": "__gap",
            "offset": 0,
            "slot": "51",
            "type": "t_array(t_uint256)50_storage",
            "contract": "ERC165Upgradeable",
            "src": "@openzeppelin/contracts-upgradeable/utils/introspection/ERC165Upgradeable.sol:41"
          },
          {
            "label": "_name",
            "offset": 0,
            "slot": "101",
            "type": "t_string_storage",
            "contract": "ERC721Upgradeable",
            "src": "@openzeppelin/contracts-upgradeable/token/ERC721/ERC721Upgradeable.sol:25"
          },
          {
            "label": "_symbol",
            "offset": 0,
            "slot": "102",
            "type": "t_string_storage",
            "contract": "ERC721Upgradeable",
            "src": "@openzeppelin/contracts-upgradeable/token/ERC721/ERC721Upgradeable.sol:28"
          },
          {
            "label": "_owners",
            "offset": 0,
            "slot": "103",
            "type": "t_mapping(t_uint256,t_address)",
            "contract": "ERC721Upgradeable",
            "src": "@openzeppelin/contracts-upgradeable/token/ERC721/ERC721Upgradeable.sol:31"
          },
          {
            "label": "_balances",
            "offset": 0,
            "slot": "104",
            "type": "t_mapping(t_address,t_uint256)",
            "contract": "ERC721Upgradeable",
            "src": "@openzeppelin/contracts-upgradeable/token/ERC721/ERC721Upgradeable.sol:34"
          },
          {
            "label": "_tokenApprovals",
            "offset": 0,
            "slot": "105",
            "type": "t_mapping(t_uint256,t_address)",
            "contract": "ERC721Upgradeable",
            "src": "@openzeppelin/contracts-upgradeable/token/ERC721/ERC721Upgradeable.sol:37"
          },
          {
            "label": "_operatorApprovals",
            "offset": 0,
            "slot": "106",
            "type": "t_mapping(t_address,t_mapping(t_address,t_bool))",
            "contract": "ERC721Upgradeable",
            "src": "@openzeppelin/contracts-upgradeable/token/ERC721/ERC721Upgradeable.sol:40"
          },
          {
            "label": "__gap",
            "offset": 0,
            "slot": "107",
            "type": "t_array(t_uint256)44_storage",
            "contract": "ERC721Upgradeable",
            "src": "@openzeppelin/contracts-upgradeable/token/ERC721/ERC721Upgradeable.sol:458"
          },
          {
            "label": "_ownedTokens",
            "offset": 0,
            "slot": "151",
            "type": "t_mapping(t_address,t_mapping(t_uint256,t_uint256))",
            "contract": "ERC721EnumerableUpgradeable",
            "src": "@openzeppelin/contracts-upgradeable/token/ERC721/extensions/ERC721EnumerableUpgradeable.sol:22"
          },
          {
            "label": "_ownedTokensIndex",
            "offset": 0,
            "slot": "152",
            "type": "t_mapping(t_uint256,t_uint256)",
            "contract": "ERC721EnumerableUpgradeable",
            "src": "@openzeppelin/contracts-upgradeable/token/ERC721/extensions/ERC721EnumerableUpgradeable.sol:25"
          },
          {
            "label": "_allTokens",
            "offset": 0,
            "slot": "153",
            "type": "t_array(t_uint256)dyn_storage",
            "contract": "ERC721EnumerableUpgradeable",
            "src": "@openzeppelin/contracts-upgradeable/token/ERC721/extensions/ERC721EnumerableUpgradeable.sol:28"
          },
          {
            "label": "_allTokensIndex",
            "offset": 0,
            "slot": "154",
            "type": "t_mapping(t_uint256,t_uint256)",
            "contract": "ERC721EnumerableUpgradeable",
            "src": "@openzeppelin/contracts-upgradeable/token/ERC721/extensions/ERC721EnumerableUpgradeable.sol:31"
          },
          {
            "label": "__gap",
            "offset": 0,
            "slot": "155",
            "type": "t_array(t_uint256)46_storage",
            "contract": "ERC721EnumerableUpgradeable",
            "src": "@openzeppelin/contracts-upgradeable/token/ERC721/extensions/ERC721EnumerableUpgradeable.sol:175"
          },
          {
            "label": "__gap",
            "offset": 0,
            "slot": "201",
            "type": "t_array(t_uint256)50_storage",
            "contract": "ERC1967UpgradeUpgradeable",
            "src": "@openzeppelin/contracts-upgradeable/proxy/ERC1967/ERC1967UpgradeUpgradeable.sol:211"
          },
          {
            "label": "__gap",
            "offset": 0,
            "slot": "251",
            "type": "t_array(t_uint256)50_storage",
            "contract": "UUPSUpgradeable",
            "src": "@openzeppelin/contracts-upgradeable/proxy/utils/UUPSUpgradeable.sol:107"
          },
          {
            "label": "_owner",
            "offset": 0,
            "slot": "301",
            "type": "t_address",
            "contract": "OwnableUpgradeable",
            "src": "@openzeppelin/contracts-upgradeable/access/OwnableUpgradeable.sol:22"
          },
          {
            "label": "__gap",
            "offset": 0,
            "slot": "302",
            "type": "t_array(t_uint256)49_storage",
            "contract": "OwnableUpgradeable",
            "src": "@openzeppelin/contracts-upgradeable/access/OwnableUpgradeable.sol:87"
          },
          {
            "label": "GWEI",
            "offset": 0,
            "slot": "351",
            "type": "t_uint256",
            "contract": "SWNFTUpgrade",
            "src": "contracts/swNFTUpgrade.sol:45"
          },
          {
            "label": "tokenIds",
            "offset": 0,
            "slot": "352",
            "type": "t_struct(Counter)2454_storage",
            "contract": "SWNFTUpgrade",
            "src": "contracts/swNFTUpgrade.sol:51"
          },
          {
            "label": "swETHAddress",
            "offset": 0,
            "slot": "353",
            "type": "t_address",
            "contract": "SWNFTUpgrade",
            "src": "contracts/swNFTUpgrade.sol:53"
          },
          {
            "label": "swETHSymbolOld",
            "offset": 0,
            "slot": "354",
            "type": "t_string_storage",
            "contract": "SWNFTUpgrade",
            "src": "contracts/swNFTUpgrade.sol:57"
          },
          {
            "label": "swellAddress",
            "offset": 0,
            "slot": "355",
            "type": "t_address",
            "contract": "SWNFTUpgrade",
            "src": "contracts/swNFTUpgrade.sol:58"
          },
          {
            "label": "ETHER",
            "offset": 0,
            "slot": "356",
            "type": "t_uint256",
            "contract": "SWNFTUpgrade",
            "src": "contracts/swNFTUpgrade.sol:59"
          },
          {
            "label": "feePool",
            "offset": 0,
            "slot": "357",
            "type": "t_address",
            "contract": "SWNFTUpgrade",
            "src": "contracts/swNFTUpgrade.sol:60"
          },
          {
            "label": "fee",
            "offset": 0,
            "slot": "358",
            "type": "t_uint256",
            "contract": "SWNFTUpgrade",
            "src": "contracts/swNFTUpgrade.sol:61"
          },
          {
            "label": "depositContract",
            "offset": 0,
            "slot": "359",
            "type": "t_contract(IDepositContract)11909",
            "contract": "SWNFTUpgrade",
            "src": "contracts/swNFTUpgrade.sol:63"
          },
          {
            "label": "validators",
            "offset": 0,
            "slot": "360",
            "type": "t_array(t_bytes_storage)dyn_storage",
            "contract": "SWNFTUpgrade",
            "src": "contracts/swNFTUpgrade.sol:65"
          },
          {
            "label": "validatorDeposits",
            "offset": 0,
            "slot": "361",
            "type": "t_mapping(t_bytes_memory_ptr,t_uint256)",
            "contract": "SWNFTUpgrade",
            "src": "contracts/swNFTUpgrade.sol:66"
          },
          {
            "label": "whiteList",
            "offset": 0,
            "slot": "362",
            "type": "t_mapping(t_bytes_memory_ptr,t_bool)",
            "contract": "SWNFTUpgrade",
            "src": "contracts/swNFTUpgrade.sol:67"
          },
          {
            "label": "positions",
            "offset": 0,
            "slot": "363",
            "type": "t_mapping(t_uint256,t_struct(Position)6473_storage)",
            "contract": "SWNFTUpgrade",
            "src": "contracts/swNFTUpgrade.sol:70"
          },
          {
            "label": "deprecatedStrategies",
            "offset": 0,
            "slot": "364",
            "type": "t_array(t_address)dyn_storage",
            "contract": "SWNFTUpgrade",
            "src": "contracts/swNFTUpgrade.sol:72"
          },
          {
            "label": "opRate",
            "offset": 0,
            "slot": "365",
            "type": "t_mapping(t_bytes_memory_ptr,t_uint256)",
            "contract": "SWNFTUpgrade",
            "src": "contracts/swNFTUpgrade.sol:428"
          },
          {
            "label": "botAddress",
            "offset": 0,
            "slot": "366",
            "type": "t_address",
            "contract": "SWNFTUpgrade",
            "src": "contracts/swNFTUpgrade.sol:429"
          },
          {
            "label": "isValidatorActive",
            "offset": 0,
            "slot": "367",
            "type": "t_mapping(t_bytes_memory_ptr,t_bool)",
            "contract": "SWNFTUpgrade",
            "src": "contracts/swNFTUpgrade.sol:430"
          },
          {
            "label": "strategiesSet",
            "offset": 0,
            "slot": "368",
            "type": "t_struct(AddressSet)3153_storage",
            "contract": "SWNFTUpgrade",
            "src": "contracts/swNFTUpgrade.sol:431"
          }
        ],
        "types": {
          "t_address": {
            "label": "address",
            "numberOfBytes": "20"
          },
          "t_array(t_address)dyn_storage": {
            "label": "address[]",
            "numberOfBytes": "32"
          },
          "t_array(t_bytes32)dyn_storage": {
            "label": "bytes32[]",
            "numberOfBytes": "32"
          },
          "t_array(t_bytes_storage)dyn_storage": {
            "label": "bytes[]",
            "numberOfBytes": "32"
          },
          "t_array(t_uint256)44_storage": {
            "label": "uint256[44]",
            "numberOfBytes": "1408"
          },
          "t_array(t_uint256)46_storage": {
            "label": "uint256[46]",
            "numberOfBytes": "1472"
          },
          "t_array(t_uint256)49_storage": {
            "label": "uint256[49]",
            "numberOfBytes": "1568"
          },
          "t_array(t_uint256)50_storage": {
            "label": "uint256[50]",
            "numberOfBytes": "1600"
          },
          "t_array(t_uint256)dyn_storage": {
            "label": "uint256[]",
            "numberOfBytes": "32"
          },
          "t_bool": {
            "label": "bool",
            "numberOfBytes": "1"
          },
          "t_bytes32": {
            "label": "bytes32",
            "numberOfBytes": "32"
          },
          "t_bytes_memory_ptr": {
            "label": "bytes",
            "numberOfBytes": "32"
          },
          "t_bytes_storage": {
            "label": "bytes",
            "numberOfBytes": "32"
          },
          "t_contract(IDepositContract)11909": {
            "label": "contract IDepositContract",
            "numberOfBytes": "20"
          },
          "t_mapping(t_address,t_bool)": {
            "label": "mapping(address => bool)",
            "numberOfBytes": "32"
          },
          "t_mapping(t_address,t_mapping(t_address,t_bool))": {
            "label": "mapping(address => mapping(address => bool))",
            "numberOfBytes": "32"
          },
          "t_mapping(t_address,t_mapping(t_uint256,t_uint256))": {
            "label": "mapping(address => mapping(uint256 => uint256))",
            "numberOfBytes": "32"
          },
          "t_mapping(t_address,t_uint256)": {
            "label": "mapping(address => uint256)",
            "numberOfBytes": "32"
          },
          "t_mapping(t_bytes32,t_uint256)": {
            "label": "mapping(bytes32 => uint256)",
            "numberOfBytes": "32"
          },
          "t_mapping(t_bytes_memory_ptr,t_bool)": {
            "label": "mapping(bytes => bool)",
            "numberOfBytes": "32"
          },
          "t_mapping(t_bytes_memory_ptr,t_uint256)": {
            "label": "mapping(bytes => uint256)",
            "numberOfBytes": "32"
          },
          "t_mapping(t_uint256,t_address)": {
            "label": "mapping(uint256 => address)",
            "numberOfBytes": "32"
          },
          "t_mapping(t_uint256,t_struct(Position)6473_storage)": {
            "label": "mapping(uint256 => struct ISWNFT.Position)",
            "numberOfBytes": "32"
          },
          "t_mapping(t_uint256,t_uint256)": {
            "label": "mapping(uint256 => uint256)",
            "numberOfBytes": "32"
          },
          "t_string_storage": {
            "label": "string",
            "numberOfBytes": "32"
          },
          "t_struct(AddressSet)3153_storage": {
            "label": "struct EnumerableSetUpgradeable.AddressSet",
            "members": [
              {
                "label": "_inner",
                "type": "t_struct(Set)2852_storage",
                "offset": 0,
                "slot": "0"
              }
            ],
            "numberOfBytes": "64"
          },
          "t_struct(Counter)2454_storage": {
            "label": "struct CountersUpgradeable.Counter",
            "members": [
              {
                "label": "_value",
                "type": "t_uint256",
                "offset": 0,
                "slot": "0"
              }
            ],
            "numberOfBytes": "32"
          },
          "t_struct(Position)6473_storage": {
            "label": "struct ISWNFT.Position",
            "members": [
              {
                "label": "pubKey",
                "type": "t_bytes_storage",
                "offset": 0,
                "slot": "0"
              },
              {
                "label": "value",
                "type": "t_uint256",
                "offset": 0,
                "slot": "1"
              },
              {
                "label": "baseTokenBalance",
                "type": "t_uint256",
                "offset": 0,
                "slot": "2"
              },
              {
                "label": "timeStamp",
                "type": "t_uint256",
                "offset": 0,
                "slot": "3"
              },
              {
                "label": "operator",
                "type": "t_bool",
                "offset": 0,
                "slot": "4"
              }
            ],
            "numberOfBytes": "160"
          },
          "t_struct(Set)2852_storage": {
            "label": "struct EnumerableSetUpgradeable.Set",
            "members": [
              {
                "label": "_values",
                "type": "t_array(t_bytes32)dyn_storage",
                "offset": 0,
                "slot": "0"
              },
              {
                "label": "_indexes",
                "type": "t_mapping(t_bytes32,t_uint256)",
                "offset": 0,
                "slot": "1"
              }
            ],
            "numberOfBytes": "64"
          },
          "t_uint256": {
            "label": "uint256",
            "numberOfBytes": "32"
          }
        }
      }
    },
    "257a5a933a62d6f6ca6ffdf8aca0f5050a8557ddf1bb4b2a7de350aa3d78146f": {
      "address": "0xB5043911a84349c604862DEA8d42e75C59106bCa",
      "txHash": "0x4ab816864d4745acc33a2530236d7b66b7da6a172ca7f2145dd8c26a21092f2f",
      "layout": {
        "storage": [
          {
            "label": "_initialized",
            "offset": 0,
            "slot": "0",
            "type": "t_bool",
            "contract": "Initializable",
            "src": "@openzeppelin/contracts-upgradeable/proxy/utils/Initializable.sol:39"
          },
          {
            "label": "_initializing",
            "offset": 1,
            "slot": "0",
            "type": "t_bool",
            "contract": "Initializable",
            "src": "@openzeppelin/contracts-upgradeable/proxy/utils/Initializable.sol:44"
          },
          {
            "label": "__gap",
            "offset": 0,
            "slot": "1",
            "type": "t_array(t_uint256)50_storage",
            "contract": "ContextUpgradeable",
            "src": "@openzeppelin/contracts-upgradeable/utils/ContextUpgradeable.sol:36"
          },
          {
            "label": "__gap",
            "offset": 0,
            "slot": "51",
            "type": "t_array(t_uint256)50_storage",
            "contract": "ERC165Upgradeable",
            "src": "@openzeppelin/contracts-upgradeable/utils/introspection/ERC165Upgradeable.sol:41"
          },
          {
            "label": "_name",
            "offset": 0,
            "slot": "101",
            "type": "t_string_storage",
            "contract": "ERC721Upgradeable",
            "src": "@openzeppelin/contracts-upgradeable/token/ERC721/ERC721Upgradeable.sol:25"
          },
          {
            "label": "_symbol",
            "offset": 0,
            "slot": "102",
            "type": "t_string_storage",
            "contract": "ERC721Upgradeable",
            "src": "@openzeppelin/contracts-upgradeable/token/ERC721/ERC721Upgradeable.sol:28"
          },
          {
            "label": "_owners",
            "offset": 0,
            "slot": "103",
            "type": "t_mapping(t_uint256,t_address)",
            "contract": "ERC721Upgradeable",
            "src": "@openzeppelin/contracts-upgradeable/token/ERC721/ERC721Upgradeable.sol:31"
          },
          {
            "label": "_balances",
            "offset": 0,
            "slot": "104",
            "type": "t_mapping(t_address,t_uint256)",
            "contract": "ERC721Upgradeable",
            "src": "@openzeppelin/contracts-upgradeable/token/ERC721/ERC721Upgradeable.sol:34"
          },
          {
            "label": "_tokenApprovals",
            "offset": 0,
            "slot": "105",
            "type": "t_mapping(t_uint256,t_address)",
            "contract": "ERC721Upgradeable",
            "src": "@openzeppelin/contracts-upgradeable/token/ERC721/ERC721Upgradeable.sol:37"
          },
          {
            "label": "_operatorApprovals",
            "offset": 0,
            "slot": "106",
            "type": "t_mapping(t_address,t_mapping(t_address,t_bool))",
            "contract": "ERC721Upgradeable",
            "src": "@openzeppelin/contracts-upgradeable/token/ERC721/ERC721Upgradeable.sol:40"
          },
          {
            "label": "__gap",
            "offset": 0,
            "slot": "107",
            "type": "t_array(t_uint256)44_storage",
            "contract": "ERC721Upgradeable",
            "src": "@openzeppelin/contracts-upgradeable/token/ERC721/ERC721Upgradeable.sol:458"
          },
          {
            "label": "_ownedTokens",
            "offset": 0,
            "slot": "151",
            "type": "t_mapping(t_address,t_mapping(t_uint256,t_uint256))",
            "contract": "ERC721EnumerableUpgradeable",
            "src": "@openzeppelin/contracts-upgradeable/token/ERC721/extensions/ERC721EnumerableUpgradeable.sol:22"
          },
          {
            "label": "_ownedTokensIndex",
            "offset": 0,
            "slot": "152",
            "type": "t_mapping(t_uint256,t_uint256)",
            "contract": "ERC721EnumerableUpgradeable",
            "src": "@openzeppelin/contracts-upgradeable/token/ERC721/extensions/ERC721EnumerableUpgradeable.sol:25"
          },
          {
            "label": "_allTokens",
            "offset": 0,
            "slot": "153",
            "type": "t_array(t_uint256)dyn_storage",
            "contract": "ERC721EnumerableUpgradeable",
            "src": "@openzeppelin/contracts-upgradeable/token/ERC721/extensions/ERC721EnumerableUpgradeable.sol:28"
          },
          {
            "label": "_allTokensIndex",
            "offset": 0,
            "slot": "154",
            "type": "t_mapping(t_uint256,t_uint256)",
            "contract": "ERC721EnumerableUpgradeable",
            "src": "@openzeppelin/contracts-upgradeable/token/ERC721/extensions/ERC721EnumerableUpgradeable.sol:31"
          },
          {
            "label": "__gap",
            "offset": 0,
            "slot": "155",
            "type": "t_array(t_uint256)46_storage",
            "contract": "ERC721EnumerableUpgradeable",
            "src": "@openzeppelin/contracts-upgradeable/token/ERC721/extensions/ERC721EnumerableUpgradeable.sol:175"
          },
          {
            "label": "__gap",
            "offset": 0,
            "slot": "201",
            "type": "t_array(t_uint256)50_storage",
            "contract": "ERC1967UpgradeUpgradeable",
            "src": "@openzeppelin/contracts-upgradeable/proxy/ERC1967/ERC1967UpgradeUpgradeable.sol:211"
          },
          {
            "label": "__gap",
            "offset": 0,
            "slot": "251",
            "type": "t_array(t_uint256)50_storage",
            "contract": "UUPSUpgradeable",
            "src": "@openzeppelin/contracts-upgradeable/proxy/utils/UUPSUpgradeable.sol:107"
          },
          {
            "label": "_owner",
            "offset": 0,
            "slot": "301",
            "type": "t_address",
            "contract": "OwnableUpgradeable",
            "src": "@openzeppelin/contracts-upgradeable/access/OwnableUpgradeable.sol:22"
          },
          {
            "label": "__gap",
            "offset": 0,
            "slot": "302",
            "type": "t_array(t_uint256)49_storage",
            "contract": "OwnableUpgradeable",
            "src": "@openzeppelin/contracts-upgradeable/access/OwnableUpgradeable.sol:87"
          },
          {
            "label": "GWEI",
            "offset": 0,
            "slot": "351",
            "type": "t_uint256",
            "contract": "SWNFTUpgrade",
            "src": "contracts/swNFTUpgrade.sol:45"
          },
          {
            "label": "tokenIds",
            "offset": 0,
            "slot": "352",
            "type": "t_struct(Counter)2454_storage",
            "contract": "SWNFTUpgrade",
            "src": "contracts/swNFTUpgrade.sol:51"
          },
          {
            "label": "swETHAddress",
            "offset": 0,
            "slot": "353",
            "type": "t_address",
            "contract": "SWNFTUpgrade",
            "src": "contracts/swNFTUpgrade.sol:53"
          },
          {
            "label": "swETHSymbolOld",
            "offset": 0,
            "slot": "354",
            "type": "t_string_storage",
            "contract": "SWNFTUpgrade",
            "src": "contracts/swNFTUpgrade.sol:57"
          },
          {
            "label": "swellAddress",
            "offset": 0,
            "slot": "355",
            "type": "t_address",
            "contract": "SWNFTUpgrade",
            "src": "contracts/swNFTUpgrade.sol:58"
          },
          {
            "label": "ETHER",
            "offset": 0,
            "slot": "356",
            "type": "t_uint256",
            "contract": "SWNFTUpgrade",
            "src": "contracts/swNFTUpgrade.sol:59"
          },
          {
            "label": "feePool",
            "offset": 0,
            "slot": "357",
            "type": "t_address",
            "contract": "SWNFTUpgrade",
            "src": "contracts/swNFTUpgrade.sol:60"
          },
          {
            "label": "fee",
            "offset": 0,
            "slot": "358",
            "type": "t_uint256",
            "contract": "SWNFTUpgrade",
            "src": "contracts/swNFTUpgrade.sol:61"
          },
          {
            "label": "depositContract",
            "offset": 0,
            "slot": "359",
            "type": "t_contract(IDepositContract)11919",
            "contract": "SWNFTUpgrade",
            "src": "contracts/swNFTUpgrade.sol:63"
          },
          {
            "label": "validators",
            "offset": 0,
            "slot": "360",
            "type": "t_array(t_bytes_storage)dyn_storage",
            "contract": "SWNFTUpgrade",
            "src": "contracts/swNFTUpgrade.sol:65"
          },
          {
            "label": "validatorDeposits",
            "offset": 0,
            "slot": "361",
            "type": "t_mapping(t_bytes_memory_ptr,t_uint256)",
            "contract": "SWNFTUpgrade",
            "src": "contracts/swNFTUpgrade.sol:66"
          },
          {
            "label": "whiteList",
            "offset": 0,
            "slot": "362",
            "type": "t_mapping(t_bytes_memory_ptr,t_bool)",
            "contract": "SWNFTUpgrade",
            "src": "contracts/swNFTUpgrade.sol:67"
          },
          {
            "label": "positions",
            "offset": 0,
            "slot": "363",
            "type": "t_mapping(t_uint256,t_struct(Position)6473_storage)",
            "contract": "SWNFTUpgrade",
            "src": "contracts/swNFTUpgrade.sol:70"
          },
          {
            "label": "deprecatedStrategies",
            "offset": 0,
            "slot": "364",
            "type": "t_array(t_address)dyn_storage",
            "contract": "SWNFTUpgrade",
            "src": "contracts/swNFTUpgrade.sol:72"
          },
          {
            "label": "opRate",
            "offset": 0,
            "slot": "365",
            "type": "t_mapping(t_bytes_memory_ptr,t_uint256)",
            "contract": "SWNFTUpgrade",
            "src": "contracts/swNFTUpgrade.sol:450"
          },
          {
            "label": "botAddress",
            "offset": 0,
            "slot": "366",
            "type": "t_address",
            "contract": "SWNFTUpgrade",
            "src": "contracts/swNFTUpgrade.sol:451"
          },
          {
            "label": "isValidatorActive",
            "offset": 0,
            "slot": "367",
            "type": "t_mapping(t_bytes_memory_ptr,t_bool)",
            "contract": "SWNFTUpgrade",
            "src": "contracts/swNFTUpgrade.sol:452"
          },
          {
            "label": "strategiesSet",
            "offset": 0,
            "slot": "368",
            "type": "t_struct(AddressSet)3153_storage",
            "contract": "SWNFTUpgrade",
            "src": "contracts/swNFTUpgrade.sol:453"
          }
        ],
        "types": {
          "t_address": {
            "label": "address",
            "numberOfBytes": "20"
          },
          "t_array(t_address)dyn_storage": {
            "label": "address[]",
            "numberOfBytes": "32"
          },
          "t_array(t_bytes32)dyn_storage": {
            "label": "bytes32[]",
            "numberOfBytes": "32"
          },
          "t_array(t_bytes_storage)dyn_storage": {
            "label": "bytes[]",
            "numberOfBytes": "32"
          },
          "t_array(t_uint256)44_storage": {
            "label": "uint256[44]",
            "numberOfBytes": "1408"
          },
          "t_array(t_uint256)46_storage": {
            "label": "uint256[46]",
            "numberOfBytes": "1472"
          },
          "t_array(t_uint256)49_storage": {
            "label": "uint256[49]",
            "numberOfBytes": "1568"
          },
          "t_array(t_uint256)50_storage": {
            "label": "uint256[50]",
            "numberOfBytes": "1600"
          },
          "t_array(t_uint256)dyn_storage": {
            "label": "uint256[]",
            "numberOfBytes": "32"
          },
          "t_bool": {
            "label": "bool",
            "numberOfBytes": "1"
          },
          "t_bytes32": {
            "label": "bytes32",
            "numberOfBytes": "32"
          },
          "t_bytes_memory_ptr": {
            "label": "bytes",
            "numberOfBytes": "32"
          },
          "t_bytes_storage": {
            "label": "bytes",
            "numberOfBytes": "32"
          },
          "t_contract(IDepositContract)11919": {
            "label": "contract IDepositContract",
            "numberOfBytes": "20"
          },
          "t_mapping(t_address,t_bool)": {
            "label": "mapping(address => bool)",
            "numberOfBytes": "32"
          },
          "t_mapping(t_address,t_mapping(t_address,t_bool))": {
            "label": "mapping(address => mapping(address => bool))",
            "numberOfBytes": "32"
          },
          "t_mapping(t_address,t_mapping(t_uint256,t_uint256))": {
            "label": "mapping(address => mapping(uint256 => uint256))",
            "numberOfBytes": "32"
          },
          "t_mapping(t_address,t_uint256)": {
            "label": "mapping(address => uint256)",
            "numberOfBytes": "32"
          },
          "t_mapping(t_bytes32,t_uint256)": {
            "label": "mapping(bytes32 => uint256)",
            "numberOfBytes": "32"
          },
          "t_mapping(t_bytes_memory_ptr,t_bool)": {
            "label": "mapping(bytes => bool)",
            "numberOfBytes": "32"
          },
          "t_mapping(t_bytes_memory_ptr,t_uint256)": {
            "label": "mapping(bytes => uint256)",
            "numberOfBytes": "32"
          },
          "t_mapping(t_uint256,t_address)": {
            "label": "mapping(uint256 => address)",
            "numberOfBytes": "32"
          },
          "t_mapping(t_uint256,t_struct(Position)6473_storage)": {
            "label": "mapping(uint256 => struct ISWNFT.Position)",
            "numberOfBytes": "32"
          },
          "t_mapping(t_uint256,t_uint256)": {
            "label": "mapping(uint256 => uint256)",
            "numberOfBytes": "32"
          },
          "t_string_storage": {
            "label": "string",
            "numberOfBytes": "32"
          },
          "t_struct(AddressSet)3153_storage": {
            "label": "struct EnumerableSetUpgradeable.AddressSet",
            "members": [
              {
                "label": "_inner",
                "type": "t_struct(Set)2852_storage",
                "offset": 0,
                "slot": "0"
              }
            ],
            "numberOfBytes": "64"
          },
          "t_struct(Counter)2454_storage": {
            "label": "struct CountersUpgradeable.Counter",
            "members": [
              {
                "label": "_value",
                "type": "t_uint256",
                "offset": 0,
                "slot": "0"
              }
            ],
            "numberOfBytes": "32"
          },
          "t_struct(Position)6473_storage": {
            "label": "struct ISWNFT.Position",
            "members": [
              {
                "label": "pubKey",
                "type": "t_bytes_storage",
                "offset": 0,
                "slot": "0"
              },
              {
                "label": "value",
                "type": "t_uint256",
                "offset": 0,
                "slot": "1"
              },
              {
                "label": "baseTokenBalance",
                "type": "t_uint256",
                "offset": 0,
                "slot": "2"
              },
              {
                "label": "timeStamp",
                "type": "t_uint256",
                "offset": 0,
                "slot": "3"
              },
              {
                "label": "operator",
                "type": "t_bool",
                "offset": 0,
                "slot": "4"
              }
            ],
            "numberOfBytes": "160"
          },
          "t_struct(Set)2852_storage": {
            "label": "struct EnumerableSetUpgradeable.Set",
            "members": [
              {
                "label": "_values",
                "type": "t_array(t_bytes32)dyn_storage",
                "offset": 0,
                "slot": "0"
              },
              {
                "label": "_indexes",
                "type": "t_mapping(t_bytes32,t_uint256)",
                "offset": 0,
                "slot": "1"
              }
            ],
            "numberOfBytes": "64"
          },
          "t_uint256": {
            "label": "uint256",
            "numberOfBytes": "32"
          }
        }
      }
    }
  }
}
