{
  "manifestVersion": "3.2",
  "proxies": [
    {
      "address": "0xF60e61765fA8d038a00f4a647676Cb21E6d3F2b2",
      "txHash": "0x3ffa91be29a65f1ed3aed7cb2d12e10bbde448daa54aeb101784e2ccf2e17c50",
      "kind": "uups"
    }
  ],
  "impls": {
    "df92e35a37c81efef53cfb4b8f582eea3caf7d026127baaf1cad77167f78381c": {
      "address": "0x2E95E74714f2Ae6966848D95972a91DDAe3C9b3E",
      "txHash": "0xf0e8af0924f83e8959e85d20ba1a46541746c00d892f5ac66fc1a1675fefd287",
      "layout": {
        "storage": [
          {
            "contract": "Initializable",
            "label": "_initialized",
            "type": "t_bool",
            "src": "@openzeppelin/contracts-upgradeable/proxy/utils/Initializable.sol:39"
          },
          {
            "contract": "Initializable",
            "label": "_initializing",
            "type": "t_bool",
            "src": "@openzeppelin/contracts-upgradeable/proxy/utils/Initializable.sol:44"
          },
          {
            "contract": "ContextUpgradeable",
            "label": "__gap",
            "type": "t_array(t_uint256)50_storage",
            "src": "@openzeppelin/contracts-upgradeable/utils/ContextUpgradeable.sol:36"
          },
          {
            "contract": "ERC165Upgradeable",
            "label": "__gap",
            "type": "t_array(t_uint256)50_storage",
            "src": "@openzeppelin/contracts-upgradeable/utils/introspection/ERC165Upgradeable.sol:41"
          },
          {
            "contract": "ERC721Upgradeable",
            "label": "_name",
            "type": "t_string_storage",
            "src": "@openzeppelin/contracts-upgradeable/token/ERC721/ERC721Upgradeable.sol:25"
          },
          {
            "contract": "ERC721Upgradeable",
            "label": "_symbol",
            "type": "t_string_storage",
            "src": "@openzeppelin/contracts-upgradeable/token/ERC721/ERC721Upgradeable.sol:28"
          },
          {
            "contract": "ERC721Upgradeable",
            "label": "_owners",
            "type": "t_mapping(t_uint256,t_address)",
            "src": "@openzeppelin/contracts-upgradeable/token/ERC721/ERC721Upgradeable.sol:31"
          },
          {
            "contract": "ERC721Upgradeable",
            "label": "_balances",
            "type": "t_mapping(t_address,t_uint256)",
            "src": "@openzeppelin/contracts-upgradeable/token/ERC721/ERC721Upgradeable.sol:34"
          },
          {
            "contract": "ERC721Upgradeable",
            "label": "_tokenApprovals",
            "type": "t_mapping(t_uint256,t_address)",
            "src": "@openzeppelin/contracts-upgradeable/token/ERC721/ERC721Upgradeable.sol:37"
          },
          {
            "contract": "ERC721Upgradeable",
            "label": "_operatorApprovals",
            "type": "t_mapping(t_address,t_mapping(t_address,t_bool))",
            "src": "@openzeppelin/contracts-upgradeable/token/ERC721/ERC721Upgradeable.sol:40"
          },
          {
            "contract": "ERC721Upgradeable",
            "label": "__gap",
            "type": "t_array(t_uint256)44_storage",
            "src": "@openzeppelin/contracts-upgradeable/token/ERC721/ERC721Upgradeable.sol:458"
          },
          {
            "contract": "ERC721EnumerableUpgradeable",
            "label": "_ownedTokens",
            "type": "t_mapping(t_address,t_mapping(t_uint256,t_uint256))",
            "src": "@openzeppelin/contracts-upgradeable/token/ERC721/extensions/ERC721EnumerableUpgradeable.sol:22"
          },
          {
            "contract": "ERC721EnumerableUpgradeable",
            "label": "_ownedTokensIndex",
            "type": "t_mapping(t_uint256,t_uint256)",
            "src": "@openzeppelin/contracts-upgradeable/token/ERC721/extensions/ERC721EnumerableUpgradeable.sol:25"
          },
          {
            "contract": "ERC721EnumerableUpgradeable",
            "label": "_allTokens",
            "type": "t_array(t_uint256)dyn_storage",
            "src": "@openzeppelin/contracts-upgradeable/token/ERC721/extensions/ERC721EnumerableUpgradeable.sol:28"
          },
          {
            "contract": "ERC721EnumerableUpgradeable",
            "label": "_allTokensIndex",
            "type": "t_mapping(t_uint256,t_uint256)",
            "src": "@openzeppelin/contracts-upgradeable/token/ERC721/extensions/ERC721EnumerableUpgradeable.sol:31"
          },
          {
            "contract": "ERC721EnumerableUpgradeable",
            "label": "__gap",
            "type": "t_array(t_uint256)46_storage",
            "src": "@openzeppelin/contracts-upgradeable/token/ERC721/extensions/ERC721EnumerableUpgradeable.sol:175"
          },
          {
            "contract": "ERC1967UpgradeUpgradeable",
            "label": "__gap",
            "type": "t_array(t_uint256)50_storage",
            "src": "@openzeppelin/contracts-upgradeable/proxy/ERC1967/ERC1967UpgradeUpgradeable.sol:211"
          },
          {
            "contract": "UUPSUpgradeable",
            "label": "__gap",
            "type": "t_array(t_uint256)50_storage",
            "src": "@openzeppelin/contracts-upgradeable/proxy/utils/UUPSUpgradeable.sol:107"
          },
          {
            "contract": "OwnableUpgradeable",
            "label": "_owner",
            "type": "t_address",
            "src": "@openzeppelin/contracts-upgradeable/access/OwnableUpgradeable.sol:22"
          },
          {
            "contract": "OwnableUpgradeable",
            "label": "__gap",
            "type": "t_array(t_uint256)49_storage",
            "src": "@openzeppelin/contracts-upgradeable/access/OwnableUpgradeable.sol:87"
          },
          {
            "contract": "SWNFTUpgrade",
            "label": "GWEI",
            "type": "t_uint256",
            "src": "contracts/swNFTUpgrade.sol:45"
          },
          {
            "contract": "SWNFTUpgrade",
            "label": "tokenIds",
            "type": "t_struct(Counter)2454_storage",
            "src": "contracts/swNFTUpgrade.sol:50"
          },
          {
            "contract": "SWNFTUpgrade",
            "label": "swETHAddress",
            "type": "t_address",
            "src": "contracts/swNFTUpgrade.sol:52"
          },
          {
            "contract": "SWNFTUpgrade",
            "label": "swETHSymbol",
            "type": "t_string_storage",
            "src": "contracts/swNFTUpgrade.sol:53"
          },
          {
            "contract": "SWNFTUpgrade",
            "label": "swellAddress",
            "type": "t_address",
            "src": "contracts/swNFTUpgrade.sol:54"
          },
          {
            "contract": "SWNFTUpgrade",
            "label": "ETHER",
            "type": "t_uint256",
            "src": "contracts/swNFTUpgrade.sol:55"
          },
          {
            "contract": "SWNFTUpgrade",
            "label": "feePool",
            "type": "t_address",
            "src": "contracts/swNFTUpgrade.sol:56"
          },
          {
            "contract": "SWNFTUpgrade",
            "label": "fee",
            "type": "t_uint256",
            "src": "contracts/swNFTUpgrade.sol:57"
          },
          {
            "contract": "SWNFTUpgrade",
            "label": "depositContract",
            "type": "t_contract(IDepositContract)5564",
            "src": "contracts/swNFTUpgrade.sol:59"
          },
          {
            "contract": "SWNFTUpgrade",
            "label": "validators",
            "type": "t_array(t_bytes_storage)dyn_storage",
            "src": "contracts/swNFTUpgrade.sol:61"
          },
          {
            "contract": "SWNFTUpgrade",
            "label": "validatorDeposits",
            "type": "t_mapping(t_bytes_memory_ptr,t_uint256)",
            "src": "contracts/swNFTUpgrade.sol:62"
          },
          {
            "contract": "SWNFTUpgrade",
            "label": "whiteList",
            "type": "t_mapping(t_bytes_memory_ptr,t_bool)",
            "src": "contracts/swNFTUpgrade.sol:63"
          },
          {
            "contract": "SWNFTUpgrade",
            "label": "positions",
            "type": "t_mapping(t_uint256,t_struct(Position)4347_storage)",
            "src": "contracts/swNFTUpgrade.sol:66"
          },
          {
            "contract": "SWNFTUpgrade",
            "label": "strategies",
            "type": "t_array(t_address)dyn_storage",
            "src": "contracts/swNFTUpgrade.sol:68"
          },
          {
            "contract": "SWNFTUpgrade",
            "label": "__gap",
            "type": "t_array(t_uint256)50_storage",
            "src": "contracts/swNFTUpgrade.sol:357"
          }
        ],
        "types": {
          "t_uint256": {
            "label": "uint256"
          },
          "t_struct(Counter)2454_storage": {
            "label": "struct CountersUpgradeable.Counter",
            "members": [
              {
                "label": "_value",
                "type": "t_uint256"
              }
            ]
          },
          "t_address": {
            "label": "address"
          },
          "t_string_storage": {
            "label": "string"
          },
          "t_contract(IDepositContract)5564": {
            "label": "contract IDepositContract"
          },
          "t_array(t_bytes_storage)dyn_storage": {
            "label": "bytes[]"
          },
          "t_bytes_storage": {
            "label": "bytes"
          },
          "t_mapping(t_bytes_memory_ptr,t_uint256)": {
            "label": "mapping(bytes => uint256)"
          },
          "t_mapping(t_bytes_memory_ptr,t_bool)": {
            "label": "mapping(bytes => bool)"
          },
          "t_bool": {
            "label": "bool"
          },
          "t_mapping(t_uint256,t_struct(Position)4347_storage)": {
            "label": "mapping(uint256 => struct ISWNFT.Position)"
          },
          "t_struct(Position)4347_storage": {
            "label": "struct ISWNFT.Position",
            "members": [
              {
                "label": "pubKey",
                "type": "t_bytes_storage"
              },
              {
                "label": "value",
                "type": "t_uint256"
              },
              {
                "label": "baseTokenBalance",
                "type": "t_uint256"
              },
              {
                "label": "timeStamp",
                "type": "t_uint256"
              }
            ]
          },
          "t_array(t_address)dyn_storage": {
            "label": "address[]"
          },
          "t_array(t_uint256)50_storage": {
            "label": "uint256[50]"
          },
          "t_array(t_uint256)49_storage": {
            "label": "uint256[49]"
          },
          "t_mapping(t_address,t_mapping(t_uint256,t_uint256))": {
            "label": "mapping(address => mapping(uint256 => uint256))"
          },
          "t_mapping(t_uint256,t_uint256)": {
            "label": "mapping(uint256 => uint256)"
          },
          "t_array(t_uint256)dyn_storage": {
            "label": "uint256[]"
          },
          "t_array(t_uint256)46_storage": {
            "label": "uint256[46]"
          },
          "t_mapping(t_uint256,t_address)": {
            "label": "mapping(uint256 => address)"
          },
          "t_mapping(t_address,t_uint256)": {
            "label": "mapping(address => uint256)"
          },
          "t_mapping(t_address,t_mapping(t_address,t_bool))": {
            "label": "mapping(address => mapping(address => bool))"
          },
          "t_mapping(t_address,t_bool)": {
            "label": "mapping(address => bool)"
          },
          "t_array(t_uint256)44_storage": {
            "label": "uint256[44]"
          }
        }
      }
    },
    "ff6aecdf13f1786342c1fbfba29fbf5af47794a045b7575e5551dbc676dcb23c": {
      "address": "0xB3b4E23FAe6f55d1B6ED83AA895A96a384455Fb8",
      "txHash": "0xdd7a62cb7021188e3382a244466f3d2fee2e8a69291ea0eefe2b700ce5d45d39",
      "layout": {
        "storage": [
          {
            "contract": "Initializable",
            "label": "_initialized",
            "type": "t_bool",
            "src": "@openzeppelin/contracts-upgradeable/proxy/utils/Initializable.sol:39"
          },
          {
            "contract": "Initializable",
            "label": "_initializing",
            "type": "t_bool",
            "src": "@openzeppelin/contracts-upgradeable/proxy/utils/Initializable.sol:44"
          },
          {
            "contract": "ContextUpgradeable",
            "label": "__gap",
            "type": "t_array(t_uint256)50_storage",
            "src": "@openzeppelin/contracts-upgradeable/utils/ContextUpgradeable.sol:36"
          },
          {
            "contract": "ERC165Upgradeable",
            "label": "__gap",
            "type": "t_array(t_uint256)50_storage",
            "src": "@openzeppelin/contracts-upgradeable/utils/introspection/ERC165Upgradeable.sol:41"
          },
          {
            "contract": "ERC721Upgradeable",
            "label": "_name",
            "type": "t_string_storage",
            "src": "@openzeppelin/contracts-upgradeable/token/ERC721/ERC721Upgradeable.sol:25"
          },
          {
            "contract": "ERC721Upgradeable",
            "label": "_symbol",
            "type": "t_string_storage",
            "src": "@openzeppelin/contracts-upgradeable/token/ERC721/ERC721Upgradeable.sol:28"
          },
          {
            "contract": "ERC721Upgradeable",
            "label": "_owners",
            "type": "t_mapping(t_uint256,t_address)",
            "src": "@openzeppelin/contracts-upgradeable/token/ERC721/ERC721Upgradeable.sol:31"
          },
          {
            "contract": "ERC721Upgradeable",
            "label": "_balances",
            "type": "t_mapping(t_address,t_uint256)",
            "src": "@openzeppelin/contracts-upgradeable/token/ERC721/ERC721Upgradeable.sol:34"
          },
          {
            "contract": "ERC721Upgradeable",
            "label": "_tokenApprovals",
            "type": "t_mapping(t_uint256,t_address)",
            "src": "@openzeppelin/contracts-upgradeable/token/ERC721/ERC721Upgradeable.sol:37"
          },
          {
            "contract": "ERC721Upgradeable",
            "label": "_operatorApprovals",
            "type": "t_mapping(t_address,t_mapping(t_address,t_bool))",
            "src": "@openzeppelin/contracts-upgradeable/token/ERC721/ERC721Upgradeable.sol:40"
          },
          {
            "contract": "ERC721Upgradeable",
            "label": "__gap",
            "type": "t_array(t_uint256)44_storage",
            "src": "@openzeppelin/contracts-upgradeable/token/ERC721/ERC721Upgradeable.sol:458"
          },
          {
            "contract": "ERC721EnumerableUpgradeable",
            "label": "_ownedTokens",
            "type": "t_mapping(t_address,t_mapping(t_uint256,t_uint256))",
            "src": "@openzeppelin/contracts-upgradeable/token/ERC721/extensions/ERC721EnumerableUpgradeable.sol:22"
          },
          {
            "contract": "ERC721EnumerableUpgradeable",
            "label": "_ownedTokensIndex",
            "type": "t_mapping(t_uint256,t_uint256)",
            "src": "@openzeppelin/contracts-upgradeable/token/ERC721/extensions/ERC721EnumerableUpgradeable.sol:25"
          },
          {
            "contract": "ERC721EnumerableUpgradeable",
            "label": "_allTokens",
            "type": "t_array(t_uint256)dyn_storage",
            "src": "@openzeppelin/contracts-upgradeable/token/ERC721/extensions/ERC721EnumerableUpgradeable.sol:28"
          },
          {
            "contract": "ERC721EnumerableUpgradeable",
            "label": "_allTokensIndex",
            "type": "t_mapping(t_uint256,t_uint256)",
            "src": "@openzeppelin/contracts-upgradeable/token/ERC721/extensions/ERC721EnumerableUpgradeable.sol:31"
          },
          {
            "contract": "ERC721EnumerableUpgradeable",
            "label": "__gap",
            "type": "t_array(t_uint256)46_storage",
            "src": "@openzeppelin/contracts-upgradeable/token/ERC721/extensions/ERC721EnumerableUpgradeable.sol:175"
          },
          {
            "contract": "ERC1967UpgradeUpgradeable",
            "label": "__gap",
            "type": "t_array(t_uint256)50_storage",
            "src": "@openzeppelin/contracts-upgradeable/proxy/ERC1967/ERC1967UpgradeUpgradeable.sol:211"
          },
          {
            "contract": "UUPSUpgradeable",
            "label": "__gap",
            "type": "t_array(t_uint256)50_storage",
            "src": "@openzeppelin/contracts-upgradeable/proxy/utils/UUPSUpgradeable.sol:107"
          },
          {
            "contract": "OwnableUpgradeable",
            "label": "_owner",
            "type": "t_address",
            "src": "@openzeppelin/contracts-upgradeable/access/OwnableUpgradeable.sol:22"
          },
          {
            "contract": "OwnableUpgradeable",
            "label": "__gap",
            "type": "t_array(t_uint256)49_storage",
            "src": "@openzeppelin/contracts-upgradeable/access/OwnableUpgradeable.sol:87"
          },
          {
            "contract": "SWNFTUpgrade",
            "label": "GWEI",
            "type": "t_uint256",
            "src": "contracts/swNFTUpgrade.sol:45"
          },
          {
            "contract": "SWNFTUpgrade",
            "label": "tokenIds",
            "type": "t_struct(Counter)2454_storage",
            "src": "contracts/swNFTUpgrade.sol:50"
          },
          {
            "contract": "SWNFTUpgrade",
            "label": "swETHAddress",
            "type": "t_address",
            "src": "contracts/swNFTUpgrade.sol:52"
          },
          {
            "contract": "SWNFTUpgrade",
            "label": "swETHSymbol",
            "type": "t_string_storage",
            "src": "contracts/swNFTUpgrade.sol:53"
          },
          {
            "contract": "SWNFTUpgrade",
            "label": "swellAddress",
            "type": "t_address",
            "src": "contracts/swNFTUpgrade.sol:54"
          },
          {
            "contract": "SWNFTUpgrade",
            "label": "ETHER",
            "type": "t_uint256",
            "src": "contracts/swNFTUpgrade.sol:55"
          },
          {
            "contract": "SWNFTUpgrade",
            "label": "feePool",
            "type": "t_address",
            "src": "contracts/swNFTUpgrade.sol:56"
          },
          {
            "contract": "SWNFTUpgrade",
            "label": "fee",
            "type": "t_uint256",
            "src": "contracts/swNFTUpgrade.sol:57"
          },
          {
            "contract": "SWNFTUpgrade",
            "label": "depositContract",
            "type": "t_contract(IDepositContract)5568",
            "src": "contracts/swNFTUpgrade.sol:59"
          },
          {
            "contract": "SWNFTUpgrade",
            "label": "validators",
            "type": "t_array(t_bytes_storage)dyn_storage",
            "src": "contracts/swNFTUpgrade.sol:61"
          },
          {
            "contract": "SWNFTUpgrade",
            "label": "validatorDeposits",
            "type": "t_mapping(t_bytes_memory_ptr,t_uint256)",
            "src": "contracts/swNFTUpgrade.sol:62"
          },
          {
            "contract": "SWNFTUpgrade",
            "label": "whiteList",
            "type": "t_mapping(t_bytes_memory_ptr,t_bool)",
            "src": "contracts/swNFTUpgrade.sol:63"
          },
          {
            "contract": "SWNFTUpgrade",
            "label": "positions",
            "type": "t_mapping(t_uint256,t_struct(Position)4347_storage)",
            "src": "contracts/swNFTUpgrade.sol:66"
          },
          {
            "contract": "SWNFTUpgrade",
            "label": "strategies",
            "type": "t_array(t_address)dyn_storage",
            "src": "contracts/swNFTUpgrade.sol:68"
          },
          {
            "contract": "SWNFTUpgrade",
            "label": "__gap",
            "type": "t_array(t_uint256)50_storage",
            "src": "contracts/swNFTUpgrade.sol:368"
          }
        ],
        "types": {
          "t_uint256": {
            "label": "uint256"
          },
          "t_struct(Counter)2454_storage": {
            "label": "struct CountersUpgradeable.Counter",
            "members": [
              {
                "label": "_value",
                "type": "t_uint256"
              }
            ]
          },
          "t_address": {
            "label": "address"
          },
          "t_string_storage": {
            "label": "string"
          },
          "t_contract(IDepositContract)5568": {
            "label": "contract IDepositContract"
          },
          "t_array(t_bytes_storage)dyn_storage": {
            "label": "bytes[]"
          },
          "t_bytes_storage": {
            "label": "bytes"
          },
          "t_mapping(t_bytes_memory_ptr,t_uint256)": {
            "label": "mapping(bytes => uint256)"
          },
          "t_mapping(t_bytes_memory_ptr,t_bool)": {
            "label": "mapping(bytes => bool)"
          },
          "t_bool": {
            "label": "bool"
          },
          "t_mapping(t_uint256,t_struct(Position)4347_storage)": {
            "label": "mapping(uint256 => struct ISWNFT.Position)"
          },
          "t_struct(Position)4347_storage": {
            "label": "struct ISWNFT.Position",
            "members": [
              {
                "label": "pubKey",
                "type": "t_bytes_storage"
              },
              {
                "label": "value",
                "type": "t_uint256"
              },
              {
                "label": "baseTokenBalance",
                "type": "t_uint256"
              },
              {
                "label": "timeStamp",
                "type": "t_uint256"
              }
            ]
          },
          "t_array(t_address)dyn_storage": {
            "label": "address[]"
          },
          "t_array(t_uint256)50_storage": {
            "label": "uint256[50]"
          },
          "t_array(t_uint256)49_storage": {
            "label": "uint256[49]"
          },
          "t_mapping(t_address,t_mapping(t_uint256,t_uint256))": {
            "label": "mapping(address => mapping(uint256 => uint256))"
          },
          "t_mapping(t_uint256,t_uint256)": {
            "label": "mapping(uint256 => uint256)"
          },
          "t_array(t_uint256)dyn_storage": {
            "label": "uint256[]"
          },
          "t_array(t_uint256)46_storage": {
            "label": "uint256[46]"
          },
          "t_mapping(t_uint256,t_address)": {
            "label": "mapping(uint256 => address)"
          },
          "t_mapping(t_address,t_uint256)": {
            "label": "mapping(address => uint256)"
          },
          "t_mapping(t_address,t_mapping(t_address,t_bool))": {
            "label": "mapping(address => mapping(address => bool))"
          },
          "t_mapping(t_address,t_bool)": {
            "label": "mapping(address => bool)"
          },
          "t_array(t_uint256)44_storage": {
            "label": "uint256[44]"
          }
        }
      }
    },
    "cfd2ebd2bb4ab329f4e94c9e6cdf40a84f218ad87741caf706f14c46e0a7ffd6": {
      "address": "0x5a1042b98322Ee6Ed8a33Ae8a48d8900287Eb2fC",
      "txHash": "0x7ebb30fe07fff65197ca4cf700ed01cf19b26d1778467ffd5bda0989d8c944c1",
      "layout": {
        "storage": [
          {
            "contract": "Initializable",
            "label": "_initialized",
            "type": "t_bool",
            "src": "@openzeppelin/contracts-upgradeable/proxy/utils/Initializable.sol:39"
          },
          {
            "contract": "Initializable",
            "label": "_initializing",
            "type": "t_bool",
            "src": "@openzeppelin/contracts-upgradeable/proxy/utils/Initializable.sol:44"
          },
          {
            "contract": "ContextUpgradeable",
            "label": "__gap",
            "type": "t_array(t_uint256)50_storage",
            "src": "@openzeppelin/contracts-upgradeable/utils/ContextUpgradeable.sol:36"
          },
          {
            "contract": "ERC165Upgradeable",
            "label": "__gap",
            "type": "t_array(t_uint256)50_storage",
            "src": "@openzeppelin/contracts-upgradeable/utils/introspection/ERC165Upgradeable.sol:41"
          },
          {
            "contract": "ERC721Upgradeable",
            "label": "_name",
            "type": "t_string_storage",
            "src": "@openzeppelin/contracts-upgradeable/token/ERC721/ERC721Upgradeable.sol:25"
          },
          {
            "contract": "ERC721Upgradeable",
            "label": "_symbol",
            "type": "t_string_storage",
            "src": "@openzeppelin/contracts-upgradeable/token/ERC721/ERC721Upgradeable.sol:28"
          },
          {
            "contract": "ERC721Upgradeable",
            "label": "_owners",
            "type": "t_mapping(t_uint256,t_address)",
            "src": "@openzeppelin/contracts-upgradeable/token/ERC721/ERC721Upgradeable.sol:31"
          },
          {
            "contract": "ERC721Upgradeable",
            "label": "_balances",
            "type": "t_mapping(t_address,t_uint256)",
            "src": "@openzeppelin/contracts-upgradeable/token/ERC721/ERC721Upgradeable.sol:34"
          },
          {
            "contract": "ERC721Upgradeable",
            "label": "_tokenApprovals",
            "type": "t_mapping(t_uint256,t_address)",
            "src": "@openzeppelin/contracts-upgradeable/token/ERC721/ERC721Upgradeable.sol:37"
          },
          {
            "contract": "ERC721Upgradeable",
            "label": "_operatorApprovals",
            "type": "t_mapping(t_address,t_mapping(t_address,t_bool))",
            "src": "@openzeppelin/contracts-upgradeable/token/ERC721/ERC721Upgradeable.sol:40"
          },
          {
            "contract": "ERC721Upgradeable",
            "label": "__gap",
            "type": "t_array(t_uint256)44_storage",
            "src": "@openzeppelin/contracts-upgradeable/token/ERC721/ERC721Upgradeable.sol:458"
          },
          {
            "contract": "ERC721EnumerableUpgradeable",
            "label": "_ownedTokens",
            "type": "t_mapping(t_address,t_mapping(t_uint256,t_uint256))",
            "src": "@openzeppelin/contracts-upgradeable/token/ERC721/extensions/ERC721EnumerableUpgradeable.sol:22"
          },
          {
            "contract": "ERC721EnumerableUpgradeable",
            "label": "_ownedTokensIndex",
            "type": "t_mapping(t_uint256,t_uint256)",
            "src": "@openzeppelin/contracts-upgradeable/token/ERC721/extensions/ERC721EnumerableUpgradeable.sol:25"
          },
          {
            "contract": "ERC721EnumerableUpgradeable",
            "label": "_allTokens",
            "type": "t_array(t_uint256)dyn_storage",
            "src": "@openzeppelin/contracts-upgradeable/token/ERC721/extensions/ERC721EnumerableUpgradeable.sol:28"
          },
          {
            "contract": "ERC721EnumerableUpgradeable",
            "label": "_allTokensIndex",
            "type": "t_mapping(t_uint256,t_uint256)",
            "src": "@openzeppelin/contracts-upgradeable/token/ERC721/extensions/ERC721EnumerableUpgradeable.sol:31"
          },
          {
            "contract": "ERC721EnumerableUpgradeable",
            "label": "__gap",
            "type": "t_array(t_uint256)46_storage",
            "src": "@openzeppelin/contracts-upgradeable/token/ERC721/extensions/ERC721EnumerableUpgradeable.sol:175"
          },
          {
            "contract": "ERC1967UpgradeUpgradeable",
            "label": "__gap",
            "type": "t_array(t_uint256)50_storage",
            "src": "@openzeppelin/contracts-upgradeable/proxy/ERC1967/ERC1967UpgradeUpgradeable.sol:211"
          },
          {
            "contract": "UUPSUpgradeable",
            "label": "__gap",
            "type": "t_array(t_uint256)50_storage",
            "src": "@openzeppelin/contracts-upgradeable/proxy/utils/UUPSUpgradeable.sol:107"
          },
          {
            "contract": "OwnableUpgradeable",
            "label": "_owner",
            "type": "t_address",
            "src": "@openzeppelin/contracts-upgradeable/access/OwnableUpgradeable.sol:22"
          },
          {
            "contract": "OwnableUpgradeable",
            "label": "__gap",
            "type": "t_array(t_uint256)49_storage",
            "src": "@openzeppelin/contracts-upgradeable/access/OwnableUpgradeable.sol:87"
          },
          {
            "contract": "SWNFTUpgrade",
            "label": "GWEI",
            "type": "t_uint256",
            "src": "contracts/swNFTUpgrade.sol:45"
          },
          {
            "contract": "SWNFTUpgrade",
            "label": "tokenIds",
            "type": "t_struct(Counter)2454_storage",
            "src": "contracts/swNFTUpgrade.sol:50"
          },
          {
            "contract": "SWNFTUpgrade",
            "label": "swETHAddress",
            "type": "t_address",
            "src": "contracts/swNFTUpgrade.sol:52"
          },
          {
            "contract": "SWNFTUpgrade",
            "label": "swETHSymbol",
            "type": "t_string_storage",
            "src": "contracts/swNFTUpgrade.sol:53"
          },
          {
            "contract": "SWNFTUpgrade",
            "label": "swellAddress",
            "type": "t_address",
            "src": "contracts/swNFTUpgrade.sol:54"
          },
          {
            "contract": "SWNFTUpgrade",
            "label": "ETHER",
            "type": "t_uint256",
            "src": "contracts/swNFTUpgrade.sol:55"
          },
          {
            "contract": "SWNFTUpgrade",
            "label": "feePool",
            "type": "t_address",
            "src": "contracts/swNFTUpgrade.sol:56"
          },
          {
            "contract": "SWNFTUpgrade",
            "label": "fee",
            "type": "t_uint256",
            "src": "contracts/swNFTUpgrade.sol:57"
          },
          {
            "contract": "SWNFTUpgrade",
            "label": "depositContract",
            "type": "t_contract(IDepositContract)5574",
            "src": "contracts/swNFTUpgrade.sol:59"
          },
          {
            "contract": "SWNFTUpgrade",
            "label": "validators",
            "type": "t_array(t_bytes_storage)dyn_storage",
            "src": "contracts/swNFTUpgrade.sol:61"
          },
          {
            "contract": "SWNFTUpgrade",
            "label": "validatorDeposits",
            "type": "t_mapping(t_bytes_memory_ptr,t_uint256)",
            "src": "contracts/swNFTUpgrade.sol:62"
          },
          {
            "contract": "SWNFTUpgrade",
            "label": "whiteList",
            "type": "t_mapping(t_bytes_memory_ptr,t_bool)",
            "src": "contracts/swNFTUpgrade.sol:63"
          },
          {
            "contract": "SWNFTUpgrade",
            "label": "positions",
            "type": "t_mapping(t_uint256,t_struct(Position)4351_storage)",
            "src": "contracts/swNFTUpgrade.sol:66"
          },
          {
            "contract": "SWNFTUpgrade",
            "label": "strategies",
            "type": "t_array(t_address)dyn_storage",
            "src": "contracts/swNFTUpgrade.sol:68"
          },
          {
            "contract": "SWNFTUpgrade",
            "label": "__gap",
            "type": "t_array(t_uint256)49_storage",
            "src": "contracts/swNFTUpgrade.sol:370"
          }
        ],
        "types": {
          "t_uint256": {
            "label": "uint256"
          },
          "t_struct(Counter)2454_storage": {
            "label": "struct CountersUpgradeable.Counter",
            "members": [
              {
                "label": "_value",
                "type": "t_uint256"
              }
            ]
          },
          "t_address": {
            "label": "address"
          },
          "t_string_storage": {
            "label": "string"
          },
          "t_contract(IDepositContract)5574": {
            "label": "contract IDepositContract"
          },
          "t_array(t_bytes_storage)dyn_storage": {
            "label": "bytes[]"
          },
          "t_bytes_storage": {
            "label": "bytes"
          },
          "t_mapping(t_bytes_memory_ptr,t_uint256)": {
            "label": "mapping(bytes => uint256)"
          },
          "t_mapping(t_bytes_memory_ptr,t_bool)": {
            "label": "mapping(bytes => bool)"
          },
          "t_bool": {
            "label": "bool"
          },
          "t_mapping(t_uint256,t_struct(Position)4351_storage)": {
            "label": "mapping(uint256 => struct ISWNFT.Position)"
          },
          "t_struct(Position)4351_storage": {
            "label": "struct ISWNFT.Position",
            "members": [
              {
                "label": "pubKey",
                "type": "t_bytes_storage"
              },
              {
                "label": "value",
                "type": "t_uint256"
              },
              {
                "label": "baseTokenBalance",
                "type": "t_uint256"
              },
              {
                "label": "timeStamp",
                "type": "t_uint256"
              }
            ]
          },
          "t_array(t_address)dyn_storage": {
            "label": "address[]"
          },
          "t_array(t_uint256)50_storage": {
            "label": "uint256[50]"
          },
          "t_array(t_uint256)49_storage": {
            "label": "uint256[49]"
          },
          "t_mapping(t_address,t_mapping(t_uint256,t_uint256))": {
            "label": "mapping(address => mapping(uint256 => uint256))"
          },
          "t_mapping(t_uint256,t_uint256)": {
            "label": "mapping(uint256 => uint256)"
          },
          "t_array(t_uint256)dyn_storage": {
            "label": "uint256[]"
          },
          "t_array(t_uint256)46_storage": {
            "label": "uint256[46]"
          },
          "t_mapping(t_uint256,t_address)": {
            "label": "mapping(uint256 => address)"
          },
          "t_mapping(t_address,t_uint256)": {
            "label": "mapping(address => uint256)"
          },
          "t_mapping(t_address,t_mapping(t_address,t_bool))": {
            "label": "mapping(address => mapping(address => bool))"
          },
          "t_mapping(t_address,t_bool)": {
            "label": "mapping(address => bool)"
          },
          "t_array(t_uint256)44_storage": {
            "label": "uint256[44]"
          }
        }
      }
    },
    "ca92d314d8dcdb445a1f568b1701ce1a910963105d6c379219e5d8a3c9f97b42": {
      "address": "0xfB2A7ac9A4757917b0877aa268E1360657192c49",
      "txHash": "0x6018ed1e6b8599b74692c6c1fd7daf9be6a199da9519d9d973282c17dc6b9944",
      "layout": {
        "storage": [
          {
            "contract": "Initializable",
            "label": "_initialized",
            "type": "t_bool",
            "src": "@openzeppelin/contracts-upgradeable/proxy/utils/Initializable.sol:39"
          },
          {
            "contract": "Initializable",
            "label": "_initializing",
            "type": "t_bool",
            "src": "@openzeppelin/contracts-upgradeable/proxy/utils/Initializable.sol:44"
          },
          {
            "contract": "ContextUpgradeable",
            "label": "__gap",
            "type": "t_array(t_uint256)50_storage",
            "src": "@openzeppelin/contracts-upgradeable/utils/ContextUpgradeable.sol:36"
          },
          {
            "contract": "ERC165Upgradeable",
            "label": "__gap",
            "type": "t_array(t_uint256)50_storage",
            "src": "@openzeppelin/contracts-upgradeable/utils/introspection/ERC165Upgradeable.sol:41"
          },
          {
            "contract": "ERC721Upgradeable",
            "label": "_name",
            "type": "t_string_storage",
            "src": "@openzeppelin/contracts-upgradeable/token/ERC721/ERC721Upgradeable.sol:25"
          },
          {
            "contract": "ERC721Upgradeable",
            "label": "_symbol",
            "type": "t_string_storage",
            "src": "@openzeppelin/contracts-upgradeable/token/ERC721/ERC721Upgradeable.sol:28"
          },
          {
            "contract": "ERC721Upgradeable",
            "label": "_owners",
            "type": "t_mapping(t_uint256,t_address)",
            "src": "@openzeppelin/contracts-upgradeable/token/ERC721/ERC721Upgradeable.sol:31"
          },
          {
            "contract": "ERC721Upgradeable",
            "label": "_balances",
            "type": "t_mapping(t_address,t_uint256)",
            "src": "@openzeppelin/contracts-upgradeable/token/ERC721/ERC721Upgradeable.sol:34"
          },
          {
            "contract": "ERC721Upgradeable",
            "label": "_tokenApprovals",
            "type": "t_mapping(t_uint256,t_address)",
            "src": "@openzeppelin/contracts-upgradeable/token/ERC721/ERC721Upgradeable.sol:37"
          },
          {
            "contract": "ERC721Upgradeable",
            "label": "_operatorApprovals",
            "type": "t_mapping(t_address,t_mapping(t_address,t_bool))",
            "src": "@openzeppelin/contracts-upgradeable/token/ERC721/ERC721Upgradeable.sol:40"
          },
          {
            "contract": "ERC721Upgradeable",
            "label": "__gap",
            "type": "t_array(t_uint256)44_storage",
            "src": "@openzeppelin/contracts-upgradeable/token/ERC721/ERC721Upgradeable.sol:458"
          },
          {
            "contract": "ERC721EnumerableUpgradeable",
            "label": "_ownedTokens",
            "type": "t_mapping(t_address,t_mapping(t_uint256,t_uint256))",
            "src": "@openzeppelin/contracts-upgradeable/token/ERC721/extensions/ERC721EnumerableUpgradeable.sol:22"
          },
          {
            "contract": "ERC721EnumerableUpgradeable",
            "label": "_ownedTokensIndex",
            "type": "t_mapping(t_uint256,t_uint256)",
            "src": "@openzeppelin/contracts-upgradeable/token/ERC721/extensions/ERC721EnumerableUpgradeable.sol:25"
          },
          {
            "contract": "ERC721EnumerableUpgradeable",
            "label": "_allTokens",
            "type": "t_array(t_uint256)dyn_storage",
            "src": "@openzeppelin/contracts-upgradeable/token/ERC721/extensions/ERC721EnumerableUpgradeable.sol:28"
          },
          {
            "contract": "ERC721EnumerableUpgradeable",
            "label": "_allTokensIndex",
            "type": "t_mapping(t_uint256,t_uint256)",
            "src": "@openzeppelin/contracts-upgradeable/token/ERC721/extensions/ERC721EnumerableUpgradeable.sol:31"
          },
          {
            "contract": "ERC721EnumerableUpgradeable",
            "label": "__gap",
            "type": "t_array(t_uint256)46_storage",
            "src": "@openzeppelin/contracts-upgradeable/token/ERC721/extensions/ERC721EnumerableUpgradeable.sol:175"
          },
          {
            "contract": "ERC1967UpgradeUpgradeable",
            "label": "__gap",
            "type": "t_array(t_uint256)50_storage",
            "src": "@openzeppelin/contracts-upgradeable/proxy/ERC1967/ERC1967UpgradeUpgradeable.sol:211"
          },
          {
            "contract": "UUPSUpgradeable",
            "label": "__gap",
            "type": "t_array(t_uint256)50_storage",
            "src": "@openzeppelin/contracts-upgradeable/proxy/utils/UUPSUpgradeable.sol:107"
          },
          {
            "contract": "OwnableUpgradeable",
            "label": "_owner",
            "type": "t_address",
            "src": "@openzeppelin/contracts-upgradeable/access/OwnableUpgradeable.sol:22"
          },
          {
            "contract": "OwnableUpgradeable",
            "label": "__gap",
            "type": "t_array(t_uint256)49_storage",
            "src": "@openzeppelin/contracts-upgradeable/access/OwnableUpgradeable.sol:87"
          },
          {
            "contract": "SWNFTUpgrade",
            "label": "GWEI",
            "type": "t_uint256",
            "src": "contracts/swNFTUpgrade.sol:45"
          },
          {
            "contract": "SWNFTUpgrade",
            "label": "tokenIds",
            "type": "t_struct(Counter)2454_storage",
            "src": "contracts/swNFTUpgrade.sol:50"
          },
          {
            "contract": "SWNFTUpgrade",
            "label": "swETHAddress",
            "type": "t_address",
            "src": "contracts/swNFTUpgrade.sol:52"
          },
          {
            "contract": "SWNFTUpgrade",
            "label": "swETHSymbol",
            "type": "t_string_storage",
            "src": "contracts/swNFTUpgrade.sol:53"
          },
          {
            "contract": "SWNFTUpgrade",
            "label": "swellAddress",
            "type": "t_address",
            "src": "contracts/swNFTUpgrade.sol:54"
          },
          {
            "contract": "SWNFTUpgrade",
            "label": "ETHER",
            "type": "t_uint256",
            "src": "contracts/swNFTUpgrade.sol:55"
          },
          {
            "contract": "SWNFTUpgrade",
            "label": "feePool",
            "type": "t_address",
            "src": "contracts/swNFTUpgrade.sol:56"
          },
          {
            "contract": "SWNFTUpgrade",
            "label": "fee",
            "type": "t_uint256",
            "src": "contracts/swNFTUpgrade.sol:57"
          },
          {
            "contract": "SWNFTUpgrade",
            "label": "depositContract",
            "type": "t_contract(IDepositContract)5576",
            "src": "contracts/swNFTUpgrade.sol:59"
          },
          {
            "contract": "SWNFTUpgrade",
            "label": "validators",
            "type": "t_array(t_bytes_storage)dyn_storage",
            "src": "contracts/swNFTUpgrade.sol:61"
          },
          {
            "contract": "SWNFTUpgrade",
            "label": "validatorDeposits",
            "type": "t_mapping(t_bytes_memory_ptr,t_uint256)",
            "src": "contracts/swNFTUpgrade.sol:62"
          },
          {
            "contract": "SWNFTUpgrade",
            "label": "whiteList",
            "type": "t_mapping(t_bytes_memory_ptr,t_bool)",
            "src": "contracts/swNFTUpgrade.sol:63"
          },
          {
            "contract": "SWNFTUpgrade",
            "label": "positions",
            "type": "t_mapping(t_uint256,t_struct(Position)4353_storage)",
            "src": "contracts/swNFTUpgrade.sol:66"
          },
          {
            "contract": "SWNFTUpgrade",
            "label": "deprecatedStrategies",
            "type": "t_array(t_address)dyn_storage",
            "src": "contracts/swNFTUpgrade.sol:68"
          },
          {
            "contract": "SWNFTUpgrade",
            "label": "opRate",
            "type": "t_mapping(t_bytes_memory_ptr,t_uint256)",
            "src": "contracts/swNFTUpgrade.sol:380"
          }
        ],
        "types": {
          "t_uint256": {
            "label": "uint256"
          },
          "t_struct(Counter)2454_storage": {
            "label": "struct CountersUpgradeable.Counter",
            "members": [
              {
                "label": "_value",
                "type": "t_uint256"
              }
            ]
          },
          "t_address": {
            "label": "address"
          },
          "t_string_storage": {
            "label": "string"
          },
          "t_contract(IDepositContract)5576": {
            "label": "contract IDepositContract"
          },
          "t_array(t_bytes_storage)dyn_storage": {
            "label": "bytes[]"
          },
          "t_bytes_storage": {
            "label": "bytes"
          },
          "t_mapping(t_bytes_memory_ptr,t_uint256)": {
            "label": "mapping(bytes => uint256)"
          },
          "t_mapping(t_bytes_memory_ptr,t_bool)": {
            "label": "mapping(bytes => bool)"
          },
          "t_bool": {
            "label": "bool"
          },
          "t_mapping(t_uint256,t_struct(Position)4353_storage)": {
            "label": "mapping(uint256 => struct ISWNFT.Position)"
          },
          "t_struct(Position)4353_storage": {
            "label": "struct ISWNFT.Position",
            "members": [
              {
                "label": "pubKey",
                "type": "t_bytes_storage"
              },
              {
                "label": "value",
                "type": "t_uint256"
              },
              {
                "label": "baseTokenBalance",
                "type": "t_uint256"
              },
              {
                "label": "timeStamp",
                "type": "t_uint256"
              },
              {
                "label": "operator",
                "type": "t_bool"
              }
            ]
          },
          "t_array(t_address)dyn_storage": {
            "label": "address[]"
          },
          "t_array(t_uint256)49_storage": {
            "label": "uint256[49]"
          },
          "t_mapping(t_address,t_uint256)": {
            "label": "mapping(address => uint256)"
          },
          "t_array(t_uint256)50_storage": {
            "label": "uint256[50]"
          },
          "t_mapping(t_address,t_mapping(t_uint256,t_uint256))": {
            "label": "mapping(address => mapping(uint256 => uint256))"
          },
          "t_mapping(t_uint256,t_uint256)": {
            "label": "mapping(uint256 => uint256)"
          },
          "t_array(t_uint256)dyn_storage": {
            "label": "uint256[]"
          },
          "t_array(t_uint256)46_storage": {
            "label": "uint256[46]"
          },
          "t_mapping(t_uint256,t_address)": {
            "label": "mapping(uint256 => address)"
          },
          "t_mapping(t_address,t_mapping(t_address,t_bool))": {
            "label": "mapping(address => mapping(address => bool))"
          },
          "t_mapping(t_address,t_bool)": {
            "label": "mapping(address => bool)"
          },
          "t_array(t_uint256)44_storage": {
            "label": "uint256[44]"
          }
        }
      }
    }
  }
}
